,Post_ID,Post_Profile,Post_Caption,Post_Date,Post_URL,Post_Likes,Post_Comments,Comment_ID,Comment_Username,Comment_Text,Comment_Time
0,2924255330343215216,yapuae,"We all know the story of the tortoise and the hare. But with our Refer A Friend program everyoneâ€™s a winner!

Refer up to 25 friends & earn AED 25 for every referral. Each referred friend will also recieve a AED 50 sign-up bonus! 

T&Cs apply: To qualify for AED 25, referred friends must spend AED 500 in 30 days.",2022-09-10 14:00:22,https://www.instagram.com/p/CiVCrrFpmBw,22,1,18039833953374731,yapuae,YAP YapUAE referafriend digitalbanking fintech,2022-09-10 14:01:30
1,2923546703714191082,yapuae,Renting a car has never been easier! You can now get get 5% cash-back with your YAP card on the Carasti app! T&Cs apply*,2022-09-09 14:32:27,https://www.instagram.com/p/CiShjzHJgbq,58,3,17965009441754614,yapuae,YAP YapUAE offer rental fintech difitalbanking,2022-09-09 14:34:55
2,2923546703714191082,yapuae,Renting a car has never been easier! You can now get get 5% cash-back with your YAP card on the Carasti app! T&Cs apply*,2022-09-09 14:32:27,https://www.instagram.com/p/CiShjzHJgbq,58,3,17941248602500757,hsb_abbas,i wanna tell you 2 weeks near my card has still in process,2022-09-09 15:11:48
3,2923546703714191082,yapuae,Renting a car has never been easier! You can now get get 5% cash-back with your YAP card on the Carasti app! T&Cs apply*,2022-09-09 14:32:27,https://www.instagram.com/p/CiShjzHJgbq,58,3,17889293738639351,shahzadkhan1860,90 days finish my yap card still not coming,2022-09-10 01:11:04
4,2922861482928515958,yapuae,"Sensational September Savings is nowÂ Live! Enjoy our range offers; we're sureÂ there's something you will â¤

Use the Promo Code sent to yourÂ registered Email ID. T&CsÂ apply*",2022-09-08 15:51:02,https://www.instagram.com/p/CiQFwhhoCt2,30,5,18213699238091718,yapuae,YAP YapUAE Offers promotions fintech digitalbanking,2022-09-08 15:55:09
5,2922861482928515958,yapuae,"Sensational September Savings is nowÂ Live! Enjoy our range offers; we're sureÂ there's something you will â¤

Use the Promo Code sent to yourÂ registered Email ID. T&CsÂ apply*",2022-09-08 15:51:02,https://www.instagram.com/p/CiQFwhhoCt2,30,5,17885082971657238,em_zondo,Hey guys Im still waiting for my 50dhs for joining,2022-09-08 15:57:51
6,2922861482928515958,yapuae,"Sensational September Savings is nowÂ Live! Enjoy our range offers; we're sureÂ there's something you will â¤

Use the Promo Code sent to yourÂ registered Email ID. T&CsÂ apply*",2022-09-08 15:51:02,https://www.instagram.com/p/CiQFwhhoCt2,30,5,17932653230519801,muammad_sajid,,2022-09-08 17:27:11
7,2922861482928515958,yapuae,"Sensational September Savings is nowÂ Live! Enjoy our range offers; we're sureÂ there's something you will â¤

Use the Promo Code sent to yourÂ registered Email ID. T&CsÂ apply*",2022-09-08 15:51:02,https://www.instagram.com/p/CiQFwhhoCt2,30,5,18220018450157693,iammiadxb,This is awesome  Thank you Yapuae for bringing the great offers,2022-09-10 16:21:26
8,2918534060854829894,yapuae,"What would you spend AED 100 on this weekend? 
Comment 1-6

Ourâ€™s is definitely 3ğŸ˜‰",2022-09-02 16:33:13,https://www.instagram.com/p/CiAt0PqIWNG,29,20,17952660296100599,yapuae,YAP YapUAE weekendvibes fridaynight digitalbanking fintech,2022-09-02 16:34:38
9,2918534060854829894,yapuae,"What would you spend AED 100 on this weekend? 
Comment 1-6

Ourâ€™s is definitely 3ğŸ˜‰",2022-09-02 16:33:13,https://www.instagram.com/p/CiAt0PqIWNG,29,20,17938845533510226,yuvshrees,Spa,2022-09-04 04:15:36
10,2918534060854829894,yapuae,"What would you spend AED 100 on this weekend? 
Comment 1-6

Ourâ€™s is definitely 3ğŸ˜‰",2022-09-02 16:33:13,https://www.instagram.com/p/CiAt0PqIWNG,29,20,17976399943714724,suhaim8,1 2,2022-09-05 09:04:05
11,2918534060854829894,yapuae,"What would you spend AED 100 on this weekend? 
Comment 1-6

Ourâ€™s is definitely 3ğŸ˜‰",2022-09-02 16:33:13,https://www.instagram.com/p/CiAt0PqIWNG,29,20,17927545898524610,nazh.dxb,1 5,2022-09-02 18:00:59
12,2918534060854829894,yapuae,"What would you spend AED 100 on this weekend? 
Comment 1-6

Ourâ€™s is definitely 3ğŸ˜‰",2022-09-02 16:33:13,https://www.instagram.com/p/CiAt0PqIWNG,29,20,17949579251152750,sahil.anwer.98,Sorry  2 6,2022-09-02 17:39:01
13,2918534060854829894,yapuae,"What would you spend AED 100 on this weekend? 
Comment 1-6

Ourâ€™s is definitely 3ğŸ˜‰",2022-09-02 16:33:13,https://www.instagram.com/p/CiAt0PqIWNG,29,20,17980758472618822,sahil.anwer.98,1 6,2022-09-02 17:38:32
14,2918534060854829894,yapuae,"What would you spend AED 100 on this weekend? 
Comment 1-6

Ourâ€™s is definitely 3ğŸ˜‰",2022-09-02 16:33:13,https://www.instagram.com/p/CiAt0PqIWNG,29,20,18315571564031761,463_q,Hi can i know when the metal card will coming i can t wait ,2022-09-04 13:41:59
15,2918534060854829894,yapuae,"What would you spend AED 100 on this weekend? 
Comment 1-6

Ourâ€™s is definitely 3ğŸ˜‰",2022-09-02 16:33:13,https://www.instagram.com/p/CiAt0PqIWNG,29,20,18314475214023932,faisalishaq506,1 3,2022-09-09 14:37:54
16,2918534060854829894,yapuae,"What would you spend AED 100 on this weekend? 
Comment 1-6

Ourâ€™s is definitely 3ğŸ˜‰",2022-09-02 16:33:13,https://www.instagram.com/p/CiAt0PqIWNG,29,20,18215120452086291,anan.salam,Keep deleting my comment dor more than a month and I can t set a pin code no customer service at all no technical support and after deleting the comment instead of trying to fix your fault that shows what kind of company u r,2022-09-02 21:56:41
17,2918534060854829894,yapuae,"What would you spend AED 100 on this weekend? 
Comment 1-6

Ourâ€™s is definitely 3ğŸ˜‰",2022-09-02 16:33:13,https://www.instagram.com/p/CiAt0PqIWNG,29,20,17977542907642103,asif_k_t,Very bad customer service and also this is a fake campaign of referral program you will not get anything They are saying in the terms and conditions that if we do the spent also of 500 dhs after we will get referral bonus end of the month 2 months finished still didnt get When we talk with customer service team also they dont have a solution,2022-09-05 20:29:30
18,2918534060854829894,yapuae,"What would you spend AED 100 on this weekend? 
Comment 1-6

Ourâ€™s is definitely 3ğŸ˜‰",2022-09-02 16:33:13,https://www.instagram.com/p/CiAt0PqIWNG,29,20,17966106016849259,ziamirza2,Since i like my own company i would first go for a movie then go to papajohnsuae and have my favorite pizza ,2022-09-03 04:21:38
19,2918534060854829894,yapuae,"What would you spend AED 100 on this weekend? 
Comment 1-6

Ourâ€™s is definitely 3ğŸ˜‰",2022-09-02 16:33:13,https://www.instagram.com/p/CiAt0PqIWNG,29,20,18152240629256123,iammiadxb,6 without any doubt Spa is a must after a hectic week Robots love going to the spa too  RobotMia yapuae,2022-09-10 16:26:10
20,2917747497036586287,yapuae,"Friends donâ€™t refer friends without any perks! Share the #YAPlove with 25 friends, earn AED 25 for each referral while your friends receive an AED 50 sign-up bonus, each. 

T&Cs apply*",2022-09-01 14:30:27,https://www.instagram.com/p/Ch96-PBJp0v,38,7,17920566374567184,yapuae,YAP YapUAE referafriend fintech digitalbanking,2022-09-01 14:31:23
21,2917747497036586287,yapuae,"Friends donâ€™t refer friends without any perks! Share the #YAPlove with 25 friends, earn AED 25 for each referral while your friends receive an AED 50 sign-up bonus, each. 

T&Cs apply*",2022-09-01 14:30:27,https://www.instagram.com/p/Ch96-PBJp0v,38,7,18215657800082004,asif_k_t,Very bad customer service and also this is a fake campaign of referral program you will not get anything They are saying in the terms and conditions that if we do the spent also of 500 dhs after we will get referral bonus end of the month 2 months finished still didnt get When we talk with customer service team also they dont have a solution,2022-09-05 20:29:12
22,2917747497036586287,yapuae,"Friends donâ€™t refer friends without any perks! Share the #YAPlove with 25 friends, earn AED 25 for each referral while your friends receive an AED 50 sign-up bonus, each. 

T&Cs apply*",2022-09-01 14:30:27,https://www.instagram.com/p/Ch96-PBJp0v,38,7,17870152895723063,mohsinyusaf10,Not come yet,2022-09-06 11:31:58
23,2917747497036586287,yapuae,"Friends donâ€™t refer friends without any perks! Share the #YAPlove with 25 friends, earn AED 25 for each referral while your friends receive an AED 50 sign-up bonus, each. 

T&Cs apply*",2022-09-01 14:30:27,https://www.instagram.com/p/Ch96-PBJp0v,38,7,18012238987449678,em_zondo,Im sure you guys said you would give me 50dhs for joining Im still waiting and also my referral,2022-09-07 05:19:35
24,2916277099782551652,yapuae,Your YAP card is the one thing youâ€™llÂ never lose track of ğŸ‘©â€ğŸ’» Freeze your card with a press of a button and keep your moneyÂ safe and secure.,2022-08-30 14:00:18,https://www.instagram.com/p/Ch4spI3JThk,240,7,17965201294850734,yapuae,YAP YapUAE fintech digitalbanking security,2022-08-30 14:01:35
25,2916277099782551652,yapuae,Your YAP card is the one thing youâ€™llÂ never lose track of ğŸ‘©â€ğŸ’» Freeze your card with a press of a button and keep your moneyÂ safe and secure.,2022-08-30 14:00:18,https://www.instagram.com/p/Ch4spI3JThk,240,7,17972230960705882,463_q,Hi can someone answer me as soon as possible Thanks,2022-08-31 13:26:36
26,2916277099782551652,yapuae,Your YAP card is the one thing youâ€™llÂ never lose track of ğŸ‘©â€ğŸ’» Freeze your card with a press of a button and keep your moneyÂ safe and secure.,2022-08-30 14:00:18,https://www.instagram.com/p/Ch4spI3JThk,240,7,17982978667559074,anan.salam,Keep deleting my comment dor more than a month and I can t set a pin code no customer service at all no technical support and after deleting the comment instead of trying to fix your fault that shows what kind of company u r,2022-09-02 21:56:55
27,2916277099782551652,yapuae,Your YAP card is the one thing youâ€™llÂ never lose track of ğŸ‘©â€ğŸ’» Freeze your card with a press of a button and keep your moneyÂ safe and secure.,2022-08-30 14:00:18,https://www.instagram.com/p/Ch4spI3JThk,240,7,17871267833758227,asif_k_t,Very bad customer service and also this is a fake campaign of referral program you will not get anything They are saying in the terms and conditions that if we do the spent also of 500 dhs after we will get referral bonus end of the month 2 months finished still didnt get When we talk with customer service team also they dont have a solution,2022-09-05 20:29:42
28,2914653610047336963,yapuae,Wishing all the beautiful women out there a very Happy Emirati Womenâ€™s Day! ğŸ‡¦ğŸ‡ªâ¤ï¸,2022-08-28 08:03:27,https://www.instagram.com/p/Chy7gQOLnID,60,4,17952184349099684,yapuae,YAP YapUAE emiratiwomensday womenempowerment fintech digitalbanking,2022-08-28 08:04:58
29,2914653610047336963,yapuae,Wishing all the beautiful women out there a very Happy Emirati Womenâ€™s Day! ğŸ‡¦ğŸ‡ªâ¤ï¸,2022-08-28 08:03:27,https://www.instagram.com/p/Chy7gQOLnID,60,4,17963645641753860,rickysachdev,smarmarika ,2022-08-28 08:33:39
30,2914653610047336963,yapuae,Wishing all the beautiful women out there a very Happy Emirati Womenâ€™s Day! ğŸ‡¦ğŸ‡ªâ¤ï¸,2022-08-28 08:03:27,https://www.instagram.com/p/Chy7gQOLnID,60,4,18048151465357137,sindysmartgirl,,2022-08-29 16:58:08
31,2912662371688557668,yapuae,"Shopping online safely and securely with our virtual cards. Go ahead, add items in your cart. You know you want to. ğŸ›’",2022-08-25 14:10:14,https://www.instagram.com/p/Chr2v6_JKxk,206,10,18211132192095768,yapuae,YAP YapUAE virtualcards shopping safety fintech digitalbanking,2022-08-25 14:13:15
32,2912662371688557668,yapuae,"Shopping online safely and securely with our virtual cards. Go ahead, add items in your cart. You know you want to. ğŸ›’",2022-08-25 14:10:14,https://www.instagram.com/p/Chr2v6_JKxk,206,10,17850075743820682,awaanees,,2022-08-28 07:54:39
33,2912662371688557668,yapuae,"Shopping online safely and securely with our virtual cards. Go ahead, add items in your cart. You know you want to. ğŸ›’",2022-08-25 14:10:14,https://www.instagram.com/p/Chr2v6_JKxk,206,10,17983013440582194,osamarajih,I have been doing it for three months the procedures take alot of time tell now ,2022-08-30 09:06:50
34,2912662371688557668,yapuae,"Shopping online safely and securely with our virtual cards. Go ahead, add items in your cart. You know you want to. ğŸ›’",2022-08-25 14:10:14,https://www.instagram.com/p/Chr2v6_JKxk,206,10,18182156065213555,463_q,Can u answer me as soon as possible on private,2022-08-25 19:10:25
35,2912662371688557668,yapuae,"Shopping online safely and securely with our virtual cards. Go ahead, add items in your cart. You know you want to. ğŸ›’",2022-08-25 14:10:14,https://www.instagram.com/p/Chr2v6_JKxk,206,10,17902247681639767,yuvshrees,More almost 6 dhs we have to pay for this,2022-08-25 18:36:53
36,2912662371688557668,yapuae,"Shopping online safely and securely with our virtual cards. Go ahead, add items in your cart. You know you want to. ğŸ›’",2022-08-25 14:10:14,https://www.instagram.com/p/Chr2v6_JKxk,206,10,17958381163975339,asif_k_t,Very bad customer service and also this is a fake campaign of referral program you will not get anything They are saying in the terms and conditions that if we do the spent also of 500 dhs after we will get referral bonus end of the month 2 months finished still didnt get When we talk with customer service team also they dont have a solution,2022-09-05 20:29:54
37,2910484513243459620,yapuae,"Itâ€™s as easy as 1,2,3. Send money, anywhere, anytime, instantly and securely. Hereâ€™s how: ğŸ’¸",2022-08-22 14:00:28,https://www.instagram.com/p/ChkHj6QJvAk,78,13,17895833186660186,yapuae,YAP YapUAE moneytransfer fintech digitalbanking,2022-08-22 14:01:59
38,2910484513243459620,yapuae,"Itâ€™s as easy as 1,2,3. Send money, anywhere, anytime, instantly and securely. Hereâ€™s how: ğŸ’¸",2022-08-22 14:00:28,https://www.instagram.com/p/ChkHj6QJvAk,78,13,17851716353815646,jonithebar,how much the fee s,2022-08-23 08:10:55
39,2910484513243459620,yapuae,"Itâ€™s as easy as 1,2,3. Send money, anywhere, anytime, instantly and securely. Hereâ€™s how: ğŸ’¸",2022-08-22 14:00:28,https://www.instagram.com/p/ChkHj6QJvAk,78,13,17963056027763250,maria_abbaasi,Worst ever app,2022-08-23 16:03:29
40,2910484513243459620,yapuae,"Itâ€™s as easy as 1,2,3. Send money, anywhere, anytime, instantly and securely. Hereâ€™s how: ğŸ’¸",2022-08-22 14:00:28,https://www.instagram.com/p/ChkHj6QJvAk,78,13,18173007268216735,rowshan.777,Still 21y limit,2022-08-24 12:31:35
41,2910484513243459620,yapuae,"Itâ€™s as easy as 1,2,3. Send money, anywhere, anytime, instantly and securely. Hereâ€™s how: ğŸ’¸",2022-08-22 14:00:28,https://www.instagram.com/p/ChkHj6QJvAk,78,13,17974083238734330,dado.dxb,Worst service ever wasting of time ,2022-08-30 09:08:17
42,2910484513243459620,yapuae,"Itâ€™s as easy as 1,2,3. Send money, anywhere, anytime, instantly and securely. Hereâ€™s how: ğŸ’¸",2022-08-22 14:00:28,https://www.instagram.com/p/ChkHj6QJvAk,78,13,17890054007689850,sabadolhiza,Until now my concern doesn t solve they always keep me waiting I suffered a lot already because of that and still no improvement,2022-08-30 07:38:22
43,2910484513243459620,yapuae,"Itâ€™s as easy as 1,2,3. Send money, anywhere, anytime, instantly and securely. Hereâ€™s how: ğŸ’¸",2022-08-22 14:00:28,https://www.instagram.com/p/ChkHj6QJvAk,78,13,18316975015062215,faisalaneesshah,Bad service,2022-09-02 21:00:11
44,2910484513243459620,yapuae,"Itâ€™s as easy as 1,2,3. Send money, anywhere, anytime, instantly and securely. Hereâ€™s how: ğŸ’¸",2022-08-22 14:00:28,https://www.instagram.com/p/ChkHj6QJvAk,78,13,17950304162129289,faisalaneesshah,Worst service i open my account in january i recieved card but still my account not activated every time they are saying we are reviweing your application now 7 months completed,2022-09-02 20:59:57
45,2908310659427459192,yapuae,"#Chaching! It pays to have friends, literally. Refer friends, earn 25 AED & cash it in. 

T&Cs apply*",2022-08-19 14:01:09,https://www.instagram.com/p/ChcZSLHp-B4,77,17,17901902060640187,yapuae,YAP YapUAE referafriend digitalbanking fintech,2022-08-19 14:02:01
46,2908310659427459192,yapuae,"#Chaching! It pays to have friends, literally. Refer friends, earn 25 AED & cash it in. 

T&Cs apply*",2022-08-19 14:01:09,https://www.instagram.com/p/ChcZSLHp-B4,77,17,17995741624503529,bhusal_kp123,I referred may friend but i couldn t get the gift this is not true ,2022-08-19 14:38:26
47,2908310659427459192,yapuae,"#Chaching! It pays to have friends, literally. Refer friends, earn 25 AED & cash it in. 

T&Cs apply*",2022-08-19 14:01:09,https://www.instagram.com/p/ChcZSLHp-B4,77,17,17974517443712922,aj0mansuri,I referred too many friends but i didn t get anything i this just a scam,2022-08-19 18:49:54
48,2908310659427459192,yapuae,"#Chaching! It pays to have friends, literally. Refer friends, earn 25 AED & cash it in. 

T&Cs apply*",2022-08-19 14:01:09,https://www.instagram.com/p/ChcZSLHp-B4,77,17,17973309730677006,alicekengkeng,i didnt get anything,2022-08-19 19:47:15
49,2908310659427459192,yapuae,"#Chaching! It pays to have friends, literally. Refer friends, earn 25 AED & cash it in. 

T&Cs apply*",2022-08-19 14:01:09,https://www.instagram.com/p/ChcZSLHp-B4,77,17,18068675695315432,rascotic,Yes same here I didn t get anyting i already accomplished all the required to get the referral bonus since June but untill now no reward,2022-08-19 17:33:58
50,2908310659427459192,yapuae,"#Chaching! It pays to have friends, literally. Refer friends, earn 25 AED & cash it in. 

T&Cs apply*",2022-08-19 14:01:09,https://www.instagram.com/p/ChcZSLHp-B4,77,17,17910310895614860,umiabbasi549,I refered many friends i didn t get anything,2022-08-19 15:37:30
51,2908310659427459192,yapuae,"#Chaching! It pays to have friends, literally. Refer friends, earn 25 AED & cash it in. 

T&Cs apply*",2022-08-19 14:01:09,https://www.instagram.com/p/ChcZSLHp-B4,77,17,17888041898686663,foltitilayo,Please kindly state that you dont open account for all nationality I got declined in opening account I guess my nationality played a role Doesnt matter as an individual If you have an honest work and work hard and diligent Nationality could stand as a major disadvantage ,2022-08-21 22:14:54
52,2908310659427459192,yapuae,"#Chaching! It pays to have friends, literally. Refer friends, earn 25 AED & cash it in. 

T&Cs apply*",2022-08-19 14:01:09,https://www.instagram.com/p/ChcZSLHp-B4,77,17,17959842268912392,man_ch_u,Scame,2022-08-20 17:29:36
53,2908310659427459192,yapuae,"#Chaching! It pays to have friends, literally. Refer friends, earn 25 AED & cash it in. 

T&Cs apply*",2022-08-19 14:01:09,https://www.instagram.com/p/ChcZSLHp-B4,77,17,17906078261543755,maria_abbaasi,Fake scam,2022-08-23 16:04:19
54,2906861101523134818,yapuae,"Download the CAFU app and get 3% discount of your total bill. Just enter the exclusive code YAPCAFU4U ğŸ’œğŸš™

T&Cs apply*",2022-08-17 14:01:08,https://www.instagram.com/p/ChXPsVHr-li,79,6,18003423082442497,yapuae,YAP YapUAE Fuel fuelprice digitalbanking fintech,2022-08-17 14:03:25
55,2906861101523134818,yapuae,"Download the CAFU app and get 3% discount of your total bill. Just enter the exclusive code YAPCAFU4U ğŸ’œğŸš™

T&Cs apply*",2022-08-17 14:01:08,https://www.instagram.com/p/ChXPsVHr-li,79,6,17930955170453420,_mohammedrafy,It says invalid code ,2022-08-18 17:21:58
56,2906861101523134818,yapuae,"Download the CAFU app and get 3% discount of your total bill. Just enter the exclusive code YAPCAFU4U ğŸ’œğŸš™

T&Cs apply*",2022-08-17 14:01:08,https://www.instagram.com/p/ChXPsVHr-li,79,6,17956085842983417,basheer_koodathai,Not working ,2022-08-19 17:12:26
57,2906861101523134818,yapuae,"Download the CAFU app and get 3% discount of your total bill. Just enter the exclusive code YAPCAFU4U ğŸ’œğŸš™

T&Cs apply*",2022-08-17 14:01:08,https://www.instagram.com/p/ChXPsVHr-li,79,6,17956098682965273,lixhh_,Check DM please,2022-08-20 11:30:27
58,2906136560672193734,yapuae,"Alexa, play â€˜Bills, Bills, Billsâ€™ by Destinyâ€™s Child. Pay off your utility bills faster than hitting that send button âš¡â€‹
â€‹
â€‹Register for a YAP account today for faster bill payments.",2022-08-16 14:02:32,https://www.instagram.com/p/ChUq833pDzG,78,3,17913912485507015,yapuae,YAP YAPUAE fintech digitalbanking bills billpayment,2022-08-16 15:01:40
59,2906136560672193734,yapuae,"Alexa, play â€˜Bills, Bills, Billsâ€™ by Destinyâ€™s Child. Pay off your utility bills faster than hitting that send button âš¡â€‹
â€‹
â€‹Register for a YAP account today for faster bill payments.",2022-08-16 14:02:32,https://www.instagram.com/p/ChUq833pDzG,78,3,17979220891613204,shan.srh,My account cant be logged into please help,2022-08-17 07:41:37
60,2903966766867021090,yapuae,No sweat remittances ğŸ’¸ In an instance ğŸ¤¯ Thatâ€™s the all in one money YAP.,2022-08-13 14:12:05,https://www.instagram.com/p/ChM9mN6pf0i,85,6,17945740445042519,saimakhan1309,I love yap its the best for me best of luck YAP,2022-08-13 14:55:01
61,2903966766867021090,yapuae,No sweat remittances ğŸ’¸ In an instance ğŸ¤¯ Thatâ€™s the all in one money YAP.,2022-08-13 14:12:05,https://www.instagram.com/p/ChM9mN6pf0i,85,6,17967537799775542,adnan.irshad2326,Its true i always sent money through YAP and with in a second my family received the funds Wallah YAP is amazing ,2022-08-14 18:43:12
62,2903966766867021090,yapuae,No sweat remittances ğŸ’¸ In an instance ğŸ¤¯ Thatâ€™s the all in one money YAP.,2022-08-13 14:12:05,https://www.instagram.com/p/ChM9mN6pf0i,85,6,17956605835846923,asliaqs,Yap start operations in Pakistan,2022-08-13 14:39:43
63,2900337834225628038,yapuae,"With rising fuel prices, we're gettingÂ creative with how we get to places weÂ need to be.Â 
Download @mycafu app, apply the codeÂ YAPCAFU4U & receive a 3% discount onÂ your total bill. T&Cs apply*",2022-08-08 14:00:34,https://www.instagram.com/p/ChAEeTBpPOG,23,3,17965908226827008,yapuae,YAP YapUAE digitalbanking fintech fuel fuelprice,2022-08-08 14:01:44
64,2900337834225628038,yapuae,"With rising fuel prices, we're gettingÂ creative with how we get to places weÂ need to be.Â 
Download @mycafu app, apply the codeÂ YAPCAFU4U & receive a 3% discount onÂ your total bill. T&Cs apply*",2022-08-08 14:00:34,https://www.instagram.com/p/ChAEeTBpPOG,23,3,17937489797498674,atif.ali3325,Invalid code,2022-08-09 19:02:47
65,2899615974139785597,yapuae,The first word you see is what you'reÂ treating yourself to this month! Drop theÂ word in theÂ comments.,2022-08-07 14:06:21,https://www.instagram.com/p/Cg9gV2bpnF9,26,13,17925317327520662,yapuae,YAP YapUAE digitalbanking fintech summervibes summer,2022-08-07 14:07:29
66,2899615974139785597,yapuae,The first word you see is what you'reÂ treating yourself to this month! Drop theÂ word in theÂ comments.,2022-08-07 14:06:21,https://www.instagram.com/p/Cg9gV2bpnF9,26,13,17949226895078884,baby.sweet130,VIP money,2022-08-07 17:18:42
67,2899615974139785597,yapuae,The first word you see is what you'reÂ treating yourself to this month! Drop theÂ word in theÂ comments.,2022-08-07 14:06:21,https://www.instagram.com/p/Cg9gV2bpnF9,26,13,17995803910500771,yuvshrees,MONEY,2022-08-07 16:05:37
68,2899615974139785597,yapuae,The first word you see is what you'reÂ treating yourself to this month! Drop theÂ word in theÂ comments.,2022-08-07 14:06:21,https://www.instagram.com/p/Cg9gV2bpnF9,26,13,17924178575373333,chanansingh955,vfgw www ccc el,2022-08-10 19:10:23
69,2899615974139785597,yapuae,The first word you see is what you'reÂ treating yourself to this month! Drop theÂ word in theÂ comments.,2022-08-07 14:06:21,https://www.instagram.com/p/Cg9gV2bpnF9,26,13,17929822715411250,3m_0or,Money,2022-08-07 14:16:58
70,2899615974139785597,yapuae,The first word you see is what you'reÂ treating yourself to this month! Drop theÂ word in theÂ comments.,2022-08-07 14:06:21,https://www.instagram.com/p/Cg9gV2bpnF9,26,13,17894148983659847,samiulhaq_samiulhaq,s,2022-08-08 16:18:38
71,2899615974139785597,yapuae,The first word you see is what you'reÂ treating yourself to this month! Drop theÂ word in theÂ comments.,2022-08-07 14:06:21,https://www.instagram.com/p/Cg9gV2bpnF9,26,13,17869644029711754,alirk23,J,2022-08-25 19:48:20
72,2899615974139785597,yapuae,The first word you see is what you'reÂ treating yourself to this month! Drop theÂ word in theÂ comments.,2022-08-07 14:06:21,https://www.instagram.com/p/Cg9gV2bpnF9,26,13,17932488506457075,alirk23,Money,2022-08-25 19:48:48
73,2899615974139785597,yapuae,The first word you see is what you'reÂ treating yourself to this month! Drop theÂ word in theÂ comments.,2022-08-07 14:06:21,https://www.instagram.com/p/Cg9gV2bpnF9,26,13,17930471360290088,mdsaifulislam8809,Q,2022-08-08 19:25:43
74,2899615974139785597,yapuae,The first word you see is what you'reÂ treating yourself to this month! Drop theÂ word in theÂ comments.,2022-08-07 14:06:21,https://www.instagram.com/p/Cg9gV2bpnF9,26,13,17846936063801064,mv_dp11,Sent it on  global capture,2022-08-07 14:09:24
75,2898163244066038266,yapuae,Refer. Earn. Repeat. Do that 25 times with 25 friends and receive AED 25 for each referral.,2022-08-05 14:00:03,https://www.instagram.com/p/Cg4WB2HpmH6,25,5,18241221868142677,yapuae,YAP YapUAE referafriend digitalbanking fintech,2022-08-05 14:11:29
76,2898163244066038266,yapuae,Refer. Earn. Repeat. Do that 25 times with 25 friends and receive AED 25 for each referral.,2022-08-05 14:00:03,https://www.instagram.com/p/Cg4WB2HpmH6,25,5,18028079899379899,anan.salam,Since last Monday I can t access my account all because you have technical issues with your application and I can t set a pin code you customer service are rude and don t have any idea about there jobs,2022-08-06 12:24:04
77,2898163244066038266,yapuae,Refer. Earn. Repeat. Do that 25 times with 25 friends and receive AED 25 for each referral.,2022-08-05 14:00:03,https://www.instagram.com/p/Cg4WB2HpmH6,25,5,17934880121207614,faisalishaq506,Pathetic Customer service  it s been 6 days and customer service told that my information is correct yet they keep on sending message again n again to update the same information and the application is still in process,2022-08-11 16:08:18
78,2895988922392187189,yapuae,"Running on empty? Let fuel come to youÂ with @mycafu & receive unlimited 3%Â discount on your total bill.Â 

That's sure to make you smile for miles.",2022-08-02 14:00:03,https://www.instagram.com/p/CgwnpTQpxE1,34,2,18239318641189439,yapuae,YAP YapUAE Fuel fintech digitalbanking,2022-08-02 14:01:49
79,2895988922392187189,yapuae,"Running on empty? Let fuel come to youÂ with @mycafu & receive unlimited 3%Â discount on your total bill.Â 

That's sure to make you smile for miles.",2022-08-02 14:00:03,https://www.instagram.com/p/CgwnpTQpxE1,34,2,17979766798555248,mpress___,yapuae please check dm ,2022-08-02 23:12:45
80,2895249081048128327,yapuae,Go cashless with theÂ all in oneÂ moneyÂ YAP.,2022-08-01 14:00:08,https://www.instagram.com/p/Cgt_bMUJltH,356,59,17950272626075777,yapuae,YAP YapUAE Money Fintech Finance cashless,2022-08-01 14:02:42
81,2895249081048128327,yapuae,Go cashless with theÂ all in oneÂ moneyÂ YAP.,2022-08-01 14:00:08,https://www.instagram.com/p/Cgt_bMUJltH,356,59,18028016557366258,shahzadkhan1860,My yap card still not coming before one month I apply,2022-08-02 08:00:07
82,2895249081048128327,yapuae,Go cashless with theÂ all in oneÂ moneyÂ YAP.,2022-08-01 14:00:08,https://www.instagram.com/p/Cgt_bMUJltH,356,59,17959339342788438,ranjhasadaqat,My favorite yap,2022-08-04 07:52:54
83,2895249081048128327,yapuae,Go cashless with theÂ all in oneÂ moneyÂ YAP.,2022-08-01 14:00:08,https://www.instagram.com/p/Cgt_bMUJltH,356,59,18310444063029966,rajilashira,,2022-08-06 13:12:46
84,2895249081048128327,yapuae,Go cashless with theÂ all in oneÂ moneyÂ YAP.,2022-08-01 14:00:08,https://www.instagram.com/p/Cgt_bMUJltH,356,59,17935973645211937,ms22.ae,Is it zero balance,2022-08-20 20:52:37
85,2895249081048128327,yapuae,Go cashless with theÂ all in oneÂ moneyÂ YAP.,2022-08-01 14:00:08,https://www.instagram.com/p/Cgt_bMUJltH,356,59,17989116520498458,ahmad.alhourani.5872,It very bad app I recommend to no one open account with him,2022-08-20 21:27:30
86,2895249081048128327,yapuae,Go cashless with theÂ all in oneÂ moneyÂ YAP.,2022-08-01 14:00:08,https://www.instagram.com/p/Cgt_bMUJltH,356,59,17925758789352207,isight_moments,Absolutely disappointing I applied and received my YAP card only to realize it wasnt activated this was 8 months ago Even today I hear the same old story from their support team that my application is under process and the delay is from our partnered bank which is RAK Bank and they will keep on doing this for months Avoid YAP if you dont want to be tested with your patience or get disappointed,2022-08-21 00:32:05
87,2895249081048128327,yapuae,Go cashless with theÂ all in oneÂ moneyÂ YAP.,2022-08-01 14:00:08,https://www.instagram.com/p/Cgt_bMUJltH,356,59,17962747126881890,shahzadkhan1860,my yap card still not coming before 3month I apply my yap card,2022-08-21 02:31:25
88,2895249081048128327,yapuae,Go cashless with theÂ all in oneÂ moneyÂ YAP.,2022-08-01 14:00:08,https://www.instagram.com/p/Cgt_bMUJltH,356,59,18141607024283490,saimakhan1309,I have yap card its is absolutely very good,2022-08-21 09:11:44
89,2895249081048128327,yapuae,Go cashless with theÂ all in oneÂ moneyÂ YAP.,2022-08-01 14:00:08,https://www.instagram.com/p/Cgt_bMUJltH,356,59,17924942957380857,saimakhan1309,I love yap card,2022-08-21 09:11:52
90,2895249081048128327,yapuae,Go cashless with theÂ all in oneÂ moneyÂ YAP.,2022-08-01 14:00:08,https://www.instagram.com/p/Cgt_bMUJltH,356,59,18191715880201188,saimakhan1309,Keep going guys yapuae,2022-08-21 09:12:14
91,2895249081048128327,yapuae,Go cashless with theÂ all in oneÂ moneyÂ YAP.,2022-08-01 14:00:08,https://www.instagram.com/p/Cgt_bMUJltH,356,59,17946683060163174,aastha.taneja6,I have it opened in no time its good so far,2022-08-21 11:16:14
92,2895249081048128327,yapuae,Go cashless with theÂ all in oneÂ moneyÂ YAP.,2022-08-01 14:00:08,https://www.instagram.com/p/Cgt_bMUJltH,356,59,17946560672174346,moremoneychasing,Useless bank,2022-08-21 22:56:44
93,2895249081048128327,yapuae,Go cashless with theÂ all in oneÂ moneyÂ YAP.,2022-08-01 14:00:08,https://www.instagram.com/p/Cgt_bMUJltH,356,59,18180033760238885,ishfaqali227,Amazing,2022-08-22 04:57:35
94,2895249081048128327,yapuae,Go cashless with theÂ all in oneÂ moneyÂ YAP.,2022-08-01 14:00:08,https://www.instagram.com/p/Cgt_bMUJltH,356,59,17874583631741134,shahbazmalic,Only scam I am received debit card before one year but account is not active,2022-08-23 17:03:00
95,2895249081048128327,yapuae,Go cashless with theÂ all in oneÂ moneyÂ YAP.,2022-08-01 14:00:08,https://www.instagram.com/p/Cgt_bMUJltH,356,59,18152469964249114,asadmuhammad8730,Online yap ki statement lea na Ka tarka Ka hai,2022-08-23 20:32:06
96,2895249081048128327,yapuae,Go cashless with theÂ all in oneÂ moneyÂ YAP.,2022-08-01 14:00:08,https://www.instagram.com/p/Cgt_bMUJltH,356,59,17925637433379732,__mg_for_life,Disappointed took so much time to deliver and now not activated just the same excuse under process,2022-08-24 06:40:19
97,2895249081048128327,yapuae,Go cashless with theÂ all in oneÂ moneyÂ YAP.,2022-08-01 14:00:08,https://www.instagram.com/p/Cgt_bMUJltH,356,59,18320696323047360,arjunsamotra,Yap very nice app very nice helping I enjoy last 5 month thanks yapuae,2022-08-24 06:58:52
98,2895249081048128327,yapuae,Go cashless with theÂ all in oneÂ moneyÂ YAP.,2022-08-01 14:00:08,https://www.instagram.com/p/Cgt_bMUJltH,356,59,17921649533438121,saniyyatou,Am using Yap and I it It s the best ,2022-08-24 07:50:51
99,2895249081048128327,yapuae,Go cashless with theÂ all in oneÂ moneyÂ YAP.,2022-08-01 14:00:08,https://www.instagram.com/p/Cgt_bMUJltH,356,59,18151346128260213,safi_jas,Really this was very worst I received the yap card 1 and half month before still I can t create the pin and I reached their customer support they are saying same dialogue like technical team is working on it still my issue is not solved DON T WASTE YOUR TIME ON YAP,2022-08-24 12:53:12
100,2895249081048128327,yapuae,Go cashless with theÂ all in oneÂ moneyÂ YAP.,2022-08-01 14:00:08,https://www.instagram.com/p/Cgt_bMUJltH,356,59,17959404808937350,eugeneappleseed,Would love to open an account but you havent even updated your app to work on iOS 16 public beta Not very promising What is you dev team doing iOS 16 is nearly ready for public release,2022-08-25 03:14:18
101,2895249081048128327,yapuae,Go cashless with theÂ all in oneÂ moneyÂ YAP.,2022-08-01 14:00:08,https://www.instagram.com/p/Cgt_bMUJltH,356,59,18050365555353063,faheem_222,Good bank yap I m using ,2022-08-25 15:47:02
102,2895249081048128327,yapuae,Go cashless with theÂ all in oneÂ moneyÂ YAP.,2022-08-01 14:00:08,https://www.instagram.com/p/Cgt_bMUJltH,356,59,18049424068345852,aravind_paika,Good on,2022-08-25 16:01:30
103,2895249081048128327,yapuae,Go cashless with theÂ all in oneÂ moneyÂ YAP.,2022-08-01 14:00:08,https://www.instagram.com/p/Cgt_bMUJltH,356,59,17989325161543523,drwaqar2019,I love itits superb,2022-08-25 19:36:10
104,2895249081048128327,yapuae,Go cashless with theÂ all in oneÂ moneyÂ YAP.,2022-08-01 14:00:08,https://www.instagram.com/p/Cgt_bMUJltH,356,59,18241459147140339,imad_realtor_dxb,Very bad service more than a month following up with my card issue still nothing I don t recommend at all,2022-08-25 20:11:06
105,2895249081048128327,yapuae,Go cashless with theÂ all in oneÂ moneyÂ YAP.,2022-08-01 14:00:08,https://www.instagram.com/p/Cgt_bMUJltH,356,59,17964015619889172,man_ch_u,Very bad service,2022-08-25 20:26:02
106,2895249081048128327,yapuae,Go cashless with theÂ all in oneÂ moneyÂ YAP.,2022-08-01 14:00:08,https://www.instagram.com/p/Cgt_bMUJltH,356,59,17956943632985382,marwan0_zeez1,Am not happy with the process already I have sended all the documents still in process since 2month,2022-08-25 20:28:01
107,2895249081048128327,yapuae,Go cashless with theÂ all in oneÂ moneyÂ YAP.,2022-08-01 14:00:08,https://www.instagram.com/p/Cgt_bMUJltH,356,59,17974517872670578,ch_inzmam_dother,Not compatible with Google pay ,2022-08-26 12:35:02
108,2895249081048128327,yapuae,Go cashless with theÂ all in oneÂ moneyÂ YAP.,2022-08-01 14:00:08,https://www.instagram.com/p/Cgt_bMUJltH,356,59,17944109540205881,ishat_shakil,I open account but not receive my card they said 3days 1week done Already ,2022-08-27 12:05:11
109,2894584074694078513,yapuae,"Refer up to 25 friends to earn AED 25 for everyÂ referral. Your friends will in turn receiveÂ AED 50 sign-up bonus each. T&Cs apply*

Even friendships that seem out of this world (literally)Â agree on it. Talk about making first contact, right?",2022-07-31 15:28:52,https://www.instagram.com/p/CgroOE4pLAx,28,1,17850844685798988,yapuae,YAP YapUAE friendshipday friendship friendshipgoals fintech digitalbank referafriend,2022-07-31 15:30:49
110,2893028769862531640,yapuae,"With rising petrol prices, we fuel you. Use the code YAPCAFU4U to receive unlimited 3% discount off your total bill. Weâ€™ll keep you moving! T&Cs apply* @mycafu",2022-07-29 12:02:18,https://www.instagram.com/p/CgmGlaYpDo4,49,1,17953663273957795,yapuae,YAP YapUAE fuel fuelprice Fintech digitalbank,2022-07-29 12:04:23
111,2888016447507149463,yapuae,"Refer up to 25 friends & earn AED 25 for every referralÂ whileÂ your friends receiveÂ AED 50 sign-up bonus each. T&Cs apply*

Even the pattern-clash of polka dots and stripes say it's onÂ trend.Â  Refer a friend and make a fashion statement!",2022-07-22 14:00:10,https://www.instagram.com/p/CgUS6hbJjKX,26,4,17948542475097891,yapuae,YAP YAPuae referafriend fintech digitalbanking,2022-07-22 14:02:30
112,2888016447507149463,yapuae,"Refer up to 25 friends & earn AED 25 for every referralÂ whileÂ your friends receiveÂ AED 50 sign-up bonus each. T&Cs apply*

Even the pattern-clash of polka dots and stripes say it's onÂ trend.Â  Refer a friend and make a fashion statement!",2022-07-22 14:00:10,https://www.instagram.com/p/CgUS6hbJjKX,26,4,18237602704186686,asif_k_t,Guys dont ever refer this to friends their referral program is a cheating you will not get the referal offers i have made complaint a month ago still they are saying it will be cleared I think they dont have a customer service also thats why they are not resolving it Dont waste your time by downloading it,2022-08-08 19:14:18
113,2886619799480599152,yapuae,"Top up, fuel up & save up! â›½Â Download theÂ CAFU app & use your YAP card to redeem aÂ 3% discount on your total bill.

Use the code YAPCAFU4U because we fuelÂ you, too.

T&Câ€™s apply*",2022-07-20 15:45:17,https://www.instagram.com/p/CgPVWnlpoJw,196,5,17874941558701696,yapuae,YAP YapUAE fintech digitalbanking fuelprice savingmoney,2022-07-20 15:50:16
114,2886619799480599152,yapuae,"Top up, fuel up & save up! â›½Â Download theÂ CAFU app & use your YAP card to redeem aÂ 3% discount on your total bill.

Use the code YAPCAFU4U because we fuelÂ you, too.

T&Câ€™s apply*",2022-07-20 15:45:17,https://www.instagram.com/p/CgPVWnlpoJw,196,5,17892946607604975,abood_wizzy9,The code is not working on cafu app,2022-07-21 13:33:34
115,2886619799480599152,yapuae,"Top up, fuel up & save up! â›½Â Download theÂ CAFU app & use your YAP card to redeem aÂ 3% discount on your total bill.

Use the code YAPCAFU4U because we fuelÂ you, too.

T&Câ€™s apply*",2022-07-20 15:45:17,https://www.instagram.com/p/CgPVWnlpoJw,196,5,17935064510232668,mariya_asghar,worst bank and app ever,2022-08-18 18:26:15
116,2884400071571550650,yapuae,"Curious minds wants to know: Which emoji best describes your saving habits? 

Weâ€™ve told ourselves the â€œbut, we have food at homeâ€ line around 10,000 times!",2022-07-17 14:15:05,https://www.instagram.com/p/CgHcpU4IjG6,340,9,17960541457850373,yapuae,YAP YapUAE worldemojiday fintech digitalbanking savingmoney spendinghabits,2022-07-17 14:16:36
117,2884400071571550650,yapuae,"Curious minds wants to know: Which emoji best describes your saving habits? 

Weâ€™ve told ourselves the â€œbut, we have food at homeâ€ line around 10,000 times!",2022-07-17 14:15:05,https://www.instagram.com/p/CgHcpU4IjG6,340,9,18223385881126135,_zoqi_,,2022-07-18 17:00:40
118,2884400071571550650,yapuae,"Curious minds wants to know: Which emoji best describes your saving habits? 

Weâ€™ve told ourselves the â€œbut, we have food at homeâ€ line around 10,000 times!",2022-07-17 14:15:05,https://www.instagram.com/p/CgHcpU4IjG6,340,9,17999384686472733,banbouk1,Horrible company horrible service I received the card 40 days ago and its not active yet they keep telling me wait dont waste your time and energy using this company,2022-07-19 09:38:52
119,2884400071571550650,yapuae,"Curious minds wants to know: Which emoji best describes your saving habits? 

Weâ€™ve told ourselves the â€œbut, we have food at homeâ€ line around 10,000 times!",2022-07-17 14:15:05,https://www.instagram.com/p/CgHcpU4IjG6,340,9,17926249580451269,njc.mp4,,2022-07-21 17:50:50
120,2884400071571550650,yapuae,"Curious minds wants to know: Which emoji best describes your saving habits? 

Weâ€™ve told ourselves the â€œbut, we have food at homeâ€ line around 10,000 times!",2022-07-17 14:15:05,https://www.instagram.com/p/CgHcpU4IjG6,340,9,17988766180526641,_v4i._bh_,Where is the broke emoji,2022-08-06 16:51:13
121,2882956589602727568,yapuae,"Keep your head in the game. Use our virtual cards for online subscriptions to game, safely ğŸ”’ğŸ‘¾

#VirtualCard #Fintech #YAP #UAE #MyDubai #Finance #Money #Gaming",2022-07-15 14:27:28,https://www.instagram.com/p/CgCUb5iJGaQ,91,6,17932612940506959,douglas___1991,Why they block my card I can no use,2022-07-17 06:59:48
122,2882956589602727568,yapuae,"Keep your head in the game. Use our virtual cards for online subscriptions to game, safely ğŸ”’ğŸ‘¾

#VirtualCard #Fintech #YAP #UAE #MyDubai #Finance #Money #Gaming",2022-07-15 14:27:28,https://www.instagram.com/p/CgCUb5iJGaQ,91,6,17880371015649135,rageshrzr,Idont get the 50 aed ,2022-07-15 16:03:47
123,2882956589602727568,yapuae,"Keep your head in the game. Use our virtual cards for online subscriptions to game, safely ğŸ”’ğŸ‘¾

#VirtualCard #Fintech #YAP #UAE #MyDubai #Finance #Money #Gaming",2022-07-15 14:27:28,https://www.instagram.com/p/CgCUb5iJGaQ,91,6,18052233382327459,_zoqi_,Yap is amazing,2022-07-15 19:00:06
124,2880717633310051153,yapuae,"Stay secure at all times and make quick, convenient purchases with your YAP card or virtual cards using Samsung Pay!",2022-07-12 12:22:44,https://www.instagram.com/p/Cf6XWy_pktR,90,19,17842501382813655,yapuae,YAP YAPuae fintech digitalbanking,2022-07-12 12:24:52
125,2880717633310051153,yapuae,"Stay secure at all times and make quick, convenient purchases with your YAP card or virtual cards using Samsung Pay!",2022-07-12 12:22:44,https://www.instagram.com/p/Cf6XWy_pktR,90,19,17983179655555904,ch_inzmam_dother,Imagn not having Google pay ,2022-07-12 12:56:48
126,2880717633310051153,yapuae,"Stay secure at all times and make quick, convenient purchases with your YAP card or virtual cards using Samsung Pay!",2022-07-12 12:22:44,https://www.instagram.com/p/Cf6XWy_pktR,90,19,17958188437857522,muammad_sajid,,2022-07-12 15:18:24
127,2880717633310051153,yapuae,"Stay secure at all times and make quick, convenient purchases with your YAP card or virtual cards using Samsung Pay!",2022-07-12 12:22:44,https://www.instagram.com/p/Cf6XWy_pktR,90,19,17935477862130644,asliaqs,please add Google Play too ,2022-07-12 18:54:38
128,2880717633310051153,yapuae,"Stay secure at all times and make quick, convenient purchases with your YAP card or virtual cards using Samsung Pay!",2022-07-12 12:22:44,https://www.instagram.com/p/Cf6XWy_pktR,90,19,17979797815576318,hassan_ch14,This is not fare why you remove sign up bonus and say when we spend 500aed then we get 50 why not fare,2022-07-12 22:38:19
129,2880717633310051153,yapuae,"Stay secure at all times and make quick, convenient purchases with your YAP card or virtual cards using Samsung Pay!",2022-07-12 12:22:44,https://www.instagram.com/p/Cf6XWy_pktR,90,19,17984240668550715,mohd_r50uae,Very Very bad ,2022-07-13 13:53:32
130,2876364674510021703,yapuae,Curious minds want to know: Which YAPÂ feature are you using the most?Â Comment with the emoji of the feature!,2022-07-06 12:10:11,https://www.instagram.com/p/Cfq5m6MpuRH,114,22,18243870949111383,yapuae,YAP YapUAE DigitalBanking Fintech,2022-07-06 12:11:28
131,2876364674510021703,yapuae,Curious minds want to know: Which YAPÂ feature are you using the most?Â Comment with the emoji of the feature!,2022-07-06 12:10:11,https://www.instagram.com/p/Cfq5m6MpuRH,114,22,18220413592183897,jith_mc,Yap2Yap,2022-07-06 13:31:43
132,2876364674510021703,yapuae,Curious minds want to know: Which YAPÂ feature are you using the most?Â Comment with the emoji of the feature!,2022-07-06 12:10:11,https://www.instagram.com/p/Cfq5m6MpuRH,114,22,17946439820073258,meharyabn,International transfers ,2022-07-06 13:34:49
133,2876364674510021703,yapuae,Curious minds want to know: Which YAPÂ feature are you using the most?Â Comment with the emoji of the feature!,2022-07-06 12:10:11,https://www.instagram.com/p/Cfq5m6MpuRH,114,22,17963222302781233,rageshrzr,International transfer ,2022-07-07 10:54:53
134,2876364674510021703,yapuae,Curious minds want to know: Which YAPÂ feature are you using the most?Â Comment with the emoji of the feature!,2022-07-06 12:10:11,https://www.instagram.com/p/Cfq5m6MpuRH,114,22,17926950386385288,abdux_arts,I love it when your card randomly gets blocked and you have to run back and forth with customer service so you can get your money back and close this stupid account,2022-07-07 11:23:32
135,2876364674510021703,yapuae,Curious minds want to know: Which YAPÂ feature are you using the most?Â Comment with the emoji of the feature!,2022-07-06 12:10:11,https://www.instagram.com/p/Cfq5m6MpuRH,114,22,17932917470488728,mohtasim_khan,My account is still under process by a 2rd party as per yap,2022-07-07 16:53:30
136,2876364674510021703,yapuae,Curious minds want to know: Which YAPÂ feature are you using the most?Â Comment with the emoji of the feature!,2022-07-06 12:10:11,https://www.instagram.com/p/Cfq5m6MpuRH,114,22,17843333375797276,am.arafath,Top up from debit card fees is high than other UAE wallet apps,2022-07-09 04:56:06
137,2876364674510021703,yapuae,Curious minds want to know: Which YAPÂ feature are you using the most?Â Comment with the emoji of the feature!,2022-07-06 12:10:11,https://www.instagram.com/p/Cfq5m6MpuRH,114,22,17863774865716311,ezzihussain777,Suggestion to get a credit card of YAP with offer,2022-07-09 21:20:45
138,2876364674510021703,yapuae,Curious minds want to know: Which YAPÂ feature are you using the most?Â Comment with the emoji of the feature!,2022-07-06 12:10:11,https://www.instagram.com/p/Cfq5m6MpuRH,114,22,18174852337211104,imdad_baig_,More Than 15 days over Still card not recieved from YAP,2022-07-13 11:19:49
139,2876364674510021703,yapuae,Curious minds want to know: Which YAPÂ feature are you using the most?Â Comment with the emoji of the feature!,2022-07-06 12:10:11,https://www.instagram.com/p/Cfq5m6MpuRH,114,22,17972476066718914,guriqbal_batalvi,International transfer,2022-07-14 16:40:03
140,2876364674510021703,yapuae,Curious minds want to know: Which YAPÂ feature are you using the most?Â Comment with the emoji of the feature!,2022-07-06 12:10:11,https://www.instagram.com/p/Cfq5m6MpuRH,114,22,17949115112009097,naveed_somro,Yap to Yap,2022-07-15 18:32:19
141,2876364674510021703,yapuae,Curious minds want to know: Which YAPÂ feature are you using the most?Â Comment with the emoji of the feature!,2022-07-06 12:10:11,https://www.instagram.com/p/Cfq5m6MpuRH,114,22,18048286339348749,damien.in.dubai,Worst app Ive come across so far 3weeks into account set up and no one can tell me why the delayjust keep being told its being referred to the correct department and to give few more days would not recommend,2022-08-16 00:21:53
142,2874880021220923006,yapuae,"Send your money where it needs to be, to friends and family, hassle-free, safely and quickly. â€‹

â€‹Register for an account today and receive AED 50 sign-up bonus and 2 free remittances. T&Câ€™s apply*",2022-07-04 11:00:43,https://www.instagram.com/p/CfloCXEvZZ-,49,4,18292272103067830,yapuae,YAP YapUAE DigitalBanking fintech,2022-07-04 11:18:11
143,2874880021220923006,yapuae,"Send your money where it needs to be, to friends and family, hassle-free, safely and quickly. â€‹

â€‹Register for an account today and receive AED 50 sign-up bonus and 2 free remittances. T&Câ€™s apply*",2022-07-04 11:00:43,https://www.instagram.com/p/CfloCXEvZZ-,49,4,17954289400817639,faizansefi,Fantastic Service,2022-07-05 09:09:37
144,2874880021220923006,yapuae,"Send your money where it needs to be, to friends and family, hassle-free, safely and quickly. â€‹

â€‹Register for an account today and receive AED 50 sign-up bonus and 2 free remittances. T&Câ€™s apply*",2022-07-04 11:00:43,https://www.instagram.com/p/CfloCXEvZZ-,49,4,17897164106634008,_hanaasolimaan,seifhossien,2022-07-05 16:30:57
145,2872709564890712641,yapuae,"Refer up to 25 friends & earn AED 25 for every referralÂ while your friends receive AED 50 sign-up bonus each.Â Â T&Câ€™s apply*

Even pizza and pineapple bond over it. Where do you stand on theÂ pineapple on pizza debate?Â ğŸğŸ•",2022-07-01 11:08:08,https://www.instagram.com/p/Cfd6iEGLYpB,24,1,17968197910660691,yapuae,YAP YapUAE DigitalBanking Fintech ReferAFriend,2022-07-01 11:14:29
146,2871341675284934189,yapuae,Whatâ€™s your dealbreaker?,2022-06-29 13:50:22,https://www.instagram.com/p/CfZDgpoIi4t,347,18,18039292612360733,yapuae,YAP YapUAE DigitalBanking Fintech hesa10,2022-06-29 13:53:21
147,2871341675284934189,yapuae,Whatâ€™s your dealbreaker?,2022-06-29 13:50:22,https://www.instagram.com/p/CfZDgpoIi4t,347,18,17937548969320434,m.a.alamii,Worst customer service ever Email glitches,2022-06-30 10:23:23
148,2871341675284934189,yapuae,Whatâ€™s your dealbreaker?,2022-06-29 13:50:22,https://www.instagram.com/p/CfZDgpoIi4t,347,18,18204011389094590,m.a.alamii,Angella from customer serivce is very unprofessional From day 1 i have had the worst experience ever with this digital banking Shutting the phone in my face and asking me to pay money to deactivate Even though its not mentioned in the terms and conditions Wow,2022-06-30 10:25:12
149,2871341675284934189,yapuae,Whatâ€™s your dealbreaker?,2022-06-29 13:50:22,https://www.instagram.com/p/CfZDgpoIi4t,347,18,17957009596876678,m.a.alamii,Rate 0 out 10,2022-06-30 10:25:22
150,2871341675284934189,yapuae,Whatâ€™s your dealbreaker?,2022-06-29 13:50:22,https://www.instagram.com/p/CfZDgpoIi4t,347,18,18005765266435591,amirpasha_oji,Stop being racist and let Iranians make bank account,2022-06-30 16:54:43
151,2871341675284934189,yapuae,Whatâ€™s your dealbreaker?,2022-06-29 13:50:22,https://www.instagram.com/p/CfZDgpoIi4t,347,18,17939434343177341,ziamirza2,That yap didnt give me my referral bonus they promised me if Ill refer them to my friends,2022-07-04 18:25:44
152,2871341675284934189,yapuae,Whatâ€™s your dealbreaker?,2022-06-29 13:50:22,https://www.instagram.com/p/CfZDgpoIi4t,347,18,17950244326884049,jasper_nwite,Does YAP operate in Nigeria  If Yes what is the easy way to fund my YAP wallet and can I use the YAP virtual card to purchase crypto on Binance,2022-07-08 09:20:40
153,2871341675284934189,yapuae,Whatâ€™s your dealbreaker?,2022-06-29 13:50:22,https://www.instagram.com/p/CfZDgpoIi4t,347,18,17920760138344350,mel.hxisss,If hes a 6 and got Yap hes a 1,2022-07-11 08:26:48
154,2871341675284934189,yapuae,Whatâ€™s your dealbreaker?,2022-06-29 13:50:22,https://www.instagram.com/p/CfZDgpoIi4t,347,18,18306590389047566,khalfan_s1,When is yap kid coming,2022-07-14 06:50:19
155,2869806485883543063,yapuae,YAP me if you can ğŸ˜,2022-06-27 11:00:22,https://www.instagram.com/p/CfTmctFM14X,90,7,17870684009722792,yapuae,YAP YapUAE DigitalBanking Fintech Security,2022-06-27 11:00:32
156,2869806485883543063,yapuae,YAP me if you can ğŸ˜,2022-06-27 11:00:22,https://www.instagram.com/p/CfTmctFM14X,90,7,17936533379090162,excellent_marble_work,Yes i have done,2022-06-27 15:40:14
157,2869806485883543063,yapuae,YAP me if you can ğŸ˜,2022-06-27 11:00:22,https://www.instagram.com/p/CfTmctFM14X,90,7,17851321532792720,merly.fernandez.509511,Yap gotcha,2022-08-10 11:35:25
158,2869806485883543063,yapuae,YAP me if you can ğŸ˜,2022-06-27 11:00:22,https://www.instagram.com/p/CfTmctFM14X,90,7,18026522692400660,fabi_binth_anas,I got it,2022-08-24 17:14:31
159,2867631311145995658,yapuae,"Remember the feeling of losing your mother in the supermarket as a kid? Shopping while youâ€™re short on cash comes a close second. Thatâ€™s when you can bank on YAP to YAP. 

Download the app today.",2022-06-24 10:58:59,https://www.instagram.com/p/CfL33vvpQ2K,712,9,17972070517569012,yapuae,YAP YapUAE DigitalBanking Fintech Security,2022-06-24 10:59:12
160,2867631311145995658,yapuae,"Remember the feeling of losing your mother in the supermarket as a kid? Shopping while youâ€™re short on cash comes a close second. Thatâ€™s when you can bank on YAP to YAP. 

Download the app today.",2022-06-24 10:58:59,https://www.instagram.com/p/CfL33vvpQ2K,712,9,17957000950878448,sahil.anwer.98,How,2022-06-24 11:34:46
161,2867631311145995658,yapuae,"Remember the feeling of losing your mother in the supermarket as a kid? Shopping while youâ€™re short on cash comes a close second. Thatâ€™s when you can bank on YAP to YAP. 

Download the app today.",2022-06-24 10:58:59,https://www.instagram.com/p/CfL33vvpQ2K,712,9,17917451387414306,mohtasim_khan,Still I am waiting for the atm pin,2022-07-02 05:41:55
162,2867631311145995658,yapuae,"Remember the feeling of losing your mother in the supermarket as a kid? Shopping while youâ€™re short on cash comes a close second. Thatâ€™s when you can bank on YAP to YAP. 

Download the app today.",2022-06-24 10:58:59,https://www.instagram.com/p/CfL33vvpQ2K,712,9,17945578661080045,fabrice.jean.225,Still waiting for the pin one month now I received my card ,2022-07-03 15:26:05
163,2867631311145995658,yapuae,"Remember the feeling of losing your mother in the supermarket as a kid? Shopping while youâ€™re short on cash comes a close second. Thatâ€™s when you can bank on YAP to YAP. 

Download the app today.",2022-06-24 10:58:59,https://www.instagram.com/p/CfL33vvpQ2K,712,9,17949153520999217,ya.kubu1077,Best services in yap,2022-07-04 13:08:22
164,2867631311145995658,yapuae,"Remember the feeling of losing your mother in the supermarket as a kid? Shopping while youâ€™re short on cash comes a close second. Thatâ€™s when you can bank on YAP to YAP. 

Download the app today.",2022-06-24 10:58:59,https://www.instagram.com/p/CfL33vvpQ2K,712,9,17976787426550500,_hanaasolimaan,seifhossien,2022-07-05 16:31:16
165,2866282425235114647,yapuae,"Want to know more about the importance of connecting teams to data? Setting the standard for financial innovation, our Chief Data Officer Emmet Kelly will be a guest speaker at #DIFCFintechWeek. 
Register now via the link @difc @innovationhub_difc 
ğŸ“ Ritz Carlton in #DIFC
ğŸ—“ June 28 and 29
â° 8:30 am - 5:30 pm",2022-06-22 14:20:54,https://www.instagram.com/p/CfHFK32FYqX,89,10,18035429932362225,naveen_ayodhya,3 days balance showing negative yet not be solved,2022-06-24 07:49:40
166,2866282425235114647,yapuae,"Want to know more about the importance of connecting teams to data? Setting the standard for financial innovation, our Chief Data Officer Emmet Kelly will be a guest speaker at #DIFCFintechWeek. 
Register now via the link @difc @innovationhub_difc 
ğŸ“ Ritz Carlton in #DIFC
ğŸ—“ June 28 and 29
â° 8:30 am - 5:30 pm",2022-06-22 14:20:54,https://www.instagram.com/p/CfHFK32FYqX,89,10,17972775022614373,zahid_beast,,2022-06-27 16:53:09
167,2866282425235114647,yapuae,"Want to know more about the importance of connecting teams to data? Setting the standard for financial innovation, our Chief Data Officer Emmet Kelly will be a guest speaker at #DIFCFintechWeek. 
Register now via the link @difc @innovationhub_difc 
ğŸ“ Ritz Carlton in #DIFC
ğŸ—“ June 28 and 29
â° 8:30 am - 5:30 pm",2022-06-22 14:20:54,https://www.instagram.com/p/CfHFK32FYqX,89,10,18244259572096335,xuae1,beware that they only take your information and will send card without activation winning the worst service and see the comments in the google play ,2022-06-28 11:24:04
168,2866282425235114647,yapuae,"Want to know more about the importance of connecting teams to data? Setting the standard for financial innovation, our Chief Data Officer Emmet Kelly will be a guest speaker at #DIFCFintechWeek. 
Register now via the link @difc @innovationhub_difc 
ğŸ“ Ritz Carlton in #DIFC
ğŸ—“ June 28 and 29
â° 8:30 am - 5:30 pm",2022-06-22 14:20:54,https://www.instagram.com/p/CfHFK32FYqX,89,10,17989258219471296,salmanmalik9266,,2022-07-08 20:41:01
169,2865362193948771950,yapuae,Happy Father's Day! Today is the perfect day to YAP 2 YAP to Dad ğŸ’œ,2022-06-21 07:50:24,https://www.instagram.com/p/CfDz7vrJoZu,62,3,17863756364744038,yapuae,YAP YAPUAE Security Fintech HappyFathersDay DigitalBanking,2022-06-21 07:53:12
170,2865362193948771950,yapuae,Happy Father's Day! Today is the perfect day to YAP 2 YAP to Dad ğŸ’œ,2022-06-21 07:50:24,https://www.instagram.com/p/CfDz7vrJoZu,62,3,17945172320073742,yuvshrees,how to send international money transfer,2022-06-21 08:35:17
171,2863283441513774502,yapuae,"You can have as many cards as you like, to ensure your online purchases are super secure! Happy shopping.",2022-06-18 11:00:09,https://www.instagram.com/p/Ce8bR6mr72m,41,11,17932797947126560,yapuae,YAP YapUAE DigitalBanking Fintech Security,2022-06-18 11:00:26
172,2863283441513774502,yapuae,"You can have as many cards as you like, to ensure your online purchases are super secure! Happy shopping.",2022-06-18 11:00:09,https://www.instagram.com/p/Ce8bR6mr72m,41,11,17956626517847956,layl_hassan08_sheesh11,Worst banking,2022-06-18 14:25:44
173,2863283441513774502,yapuae,"You can have as many cards as you like, to ensure your online purchases are super secure! Happy shopping.",2022-06-18 11:00:09,https://www.instagram.com/p/Ce8bR6mr72m,41,11,17937313676287978,xuae1,            ,2022-06-19 19:18:57
174,2863283441513774502,yapuae,"You can have as many cards as you like, to ensure your online purchases are super secure! Happy shopping.",2022-06-18 11:00:09,https://www.instagram.com/p/Ce8bR6mr72m,41,11,18142514329266394,b__as2003,,2022-06-20 09:14:51
175,2863283441513774502,yapuae,"You can have as many cards as you like, to ensure your online purchases are super secure! Happy shopping.",2022-06-18 11:00:09,https://www.instagram.com/p/Ce8bR6mr72m,41,11,17939876756310346,ishaaqzainale,I dont no way we can t open account,2022-06-24 21:05:35
176,2863283441513774502,yapuae,"You can have as many cards as you like, to ensure your online purchases are super secure! Happy shopping.",2022-06-18 11:00:09,https://www.instagram.com/p/Ce8bR6mr72m,41,11,17981929006558137,zahid_beast,Can you tell us where we use this atm card to which back atm machine,2022-06-30 07:14:58
177,2862558674615964624,yapuae,"One tap is all it takes! ğŸ¶

Payments made easier, all you have to do is add your YAP cards to Apple Pay or Samsung Pay. Thereâ€™s no simpler way to pay. Just Tap 2 YAP.",2022-06-17 11:00:19,https://www.instagram.com/p/Ce52fK1MpPQ,54,7,17910075197553111,yapuae,YAP YapUAE DigitalBanking Fintech Security,2022-06-17 11:00:34
178,2862558674615964624,yapuae,"One tap is all it takes! ğŸ¶

Payments made easier, all you have to do is add your YAP cards to Apple Pay or Samsung Pay. Thereâ€™s no simpler way to pay. Just Tap 2 YAP.",2022-06-17 11:00:19,https://www.instagram.com/p/Ce52fK1MpPQ,54,7,17959189018794905,rowshan.777,Still waiting for under 21 years old customers ,2022-06-17 21:23:15
179,2862558674615964624,yapuae,"One tap is all it takes! ğŸ¶

Payments made easier, all you have to do is add your YAP cards to Apple Pay or Samsung Pay. Thereâ€™s no simpler way to pay. Just Tap 2 YAP.",2022-06-17 11:00:19,https://www.instagram.com/p/Ce52fK1MpPQ,54,7,17955227839762197,shijin619,What about google pay,2022-06-18 06:15:25
180,2862558674615964624,yapuae,"One tap is all it takes! ğŸ¶

Payments made easier, all you have to do is add your YAP cards to Apple Pay or Samsung Pay. Thereâ€™s no simpler way to pay. Just Tap 2 YAP.",2022-06-17 11:00:19,https://www.instagram.com/p/Ce52fK1MpPQ,54,7,17945277883969003,moss_m8,Apple Pay doesnt work and your customer support team failed to resolve the issue or come back with appropriate answer yapuae,2022-07-06 10:47:46
181,2861847444305659745,yapuae,Meet our virtual cards - for those #whereismywallet moments,2022-06-16 11:27:04,https://www.instagram.com/p/Ce3UxZ_Msdh,161,14,18243282862097342,yapuae,YAP YapUAE DigitalBanking Fintech Security,2022-06-16 11:27:13
182,2861847444305659745,yapuae,Meet our virtual cards - for those #whereismywallet moments,2022-06-16 11:27:04,https://www.instagram.com/p/Ce3UxZ_Msdh,161,14,17951725660907535,_zoqi_,Its amazing,2022-06-16 11:43:09
183,2861847444305659745,yapuae,Meet our virtual cards - for those #whereismywallet moments,2022-06-16 11:27:04,https://www.instagram.com/p/Ce3UxZ_Msdh,161,14,18222893131132083,andromeditoo,Can Iranians open account,2022-06-18 20:46:44
184,2861847444305659745,yapuae,Meet our virtual cards - for those #whereismywallet moments,2022-06-16 11:27:04,https://www.instagram.com/p/Ce3UxZ_Msdh,161,14,17914908182433837,chidi2379,Can I use to receive money internationally,2022-06-20 02:09:47
185,2861847444305659745,yapuae,Meet our virtual cards - for those #whereismywallet moments,2022-06-16 11:27:04,https://www.instagram.com/p/Ce3UxZ_Msdh,161,14,18023175025378785,s.eeeus,Minimum age,2022-06-20 12:25:12
186,2861847444305659745,yapuae,Meet our virtual cards - for those #whereismywallet moments,2022-06-16 11:27:04,https://www.instagram.com/p/Ce3UxZ_Msdh,161,14,17919027452521244,khobby_kells,Good app ,2022-06-21 07:26:45
187,2861847444305659745,yapuae,Meet our virtual cards - for those #whereismywallet moments,2022-06-16 11:27:04,https://www.instagram.com/p/Ce3UxZ_Msdh,161,14,18305168206058463,itsnaffyy,Can Sudanese open an account,2022-06-22 16:25:23
188,2861148376175847584,yapuae,"Avoid the hassle of splitting the bill and just YAP 2 YAP instead. 

Add your friends to your network and YAP them money instantly. Itâ€™s so convenient!",2022-06-15 12:18:06,https://www.instagram.com/p/Ce010oDpaig,34,1,17936726801185018,yapuae,YAP YAPUAE DigitalBanking Fintech Security,2022-06-15 13:27:42
189,2859708390042544641,yapuae,"Nothing can ruin your vacation more than losing your YAP card. 

Simply freeze your card with just a few taps through our app. See? Easy, breezy.",2022-06-13 12:37:16,https://www.instagram.com/p/CevuaEdsKoB,96,4,18297281650019082,yapuae,YAP YapUAE DigitalBanking Fintech Security,2022-06-13 12:37:36
190,2859708390042544641,yapuae,"Nothing can ruin your vacation more than losing your YAP card. 

Simply freeze your card with just a few taps through our app. See? Easy, breezy.",2022-06-13 12:37:16,https://www.instagram.com/p/CevuaEdsKoB,96,4,17954369965755952,zulfi_ssp,Hi its this debit card or credit card bcz when i purchase online with yap they put credit card and remove debit card option,2022-06-13 19:13:12
191,2859708390042544641,yapuae,"Nothing can ruin your vacation more than losing your YAP card. 

Simply freeze your card with just a few taps through our app. See? Easy, breezy.",2022-06-13 12:37:16,https://www.instagram.com/p/CevuaEdsKoB,96,4,17937755984162308,faizansefi,,2022-06-13 22:25:54
192,2858210020086156316,yapuae,Smart receipts with smart purchases! YAP with a tap and receive instant in-app notifications! ğŸ›ï¸ ğŸ’³,2022-06-11 11:00:20,https://www.instagram.com/p/CeqZt6ssowc,54,9,17939108363146887,yapuae,YAP YapUAE DigitalBanking Fintech Security,2022-06-11 11:00:34
193,2858210020086156316,yapuae,Smart receipts with smart purchases! YAP with a tap and receive instant in-app notifications! ğŸ›ï¸ ğŸ’³,2022-06-11 11:00:20,https://www.instagram.com/p/CeqZt6ssowc,54,9,18096163660293624,tallyali95,Is this option activated today,2022-06-11 11:05:04
194,2858210020086156316,yapuae,Smart receipts with smart purchases! YAP with a tap and receive instant in-app notifications! ğŸ›ï¸ ğŸ’³,2022-06-11 11:00:20,https://www.instagram.com/p/CeqZt6ssowc,54,9,17934367922322901,shahzadkhan1860,My yap card not coming im waiting,2022-06-12 10:30:25
195,2858210020086156316,yapuae,Smart receipts with smart purchases! YAP with a tap and receive instant in-app notifications! ğŸ›ï¸ ğŸ’³,2022-06-11 11:00:20,https://www.instagram.com/p/CeqZt6ssowc,54,9,18219712915131882,mdsaifulislam8809,good,2022-06-13 20:04:16
196,2857485262054845975,yapuae,And thatâ€™s when you teach them about the YAP to YAP feature. Your friends will thank us later.,2022-06-10 11:00:12,https://www.instagram.com/p/Cen07TLsW4X,43,1,18028811464370965,yapuae,YAP YapUAE DigitalBanking Fintech Security,2022-06-10 11:00:24
197,2856760185079692043,yapuae,You can just #YAPit from your cell phone ğŸ¶ğŸ˜‰,2022-06-09 10:59:33,https://www.instagram.com/p/CelQECoJ3sL,64,1,17932009349135902,yapuae,YAP YAPUAE DigitalBanking Security Fintech,2022-06-15 13:28:43
198,2856052894252563243,yapuae,"Money moves easy, (and quickly!), with YAPâ€™s international transfers. Itâ€™s a flex. #MakingMoneyMoves",2022-06-08 11:35:04,https://www.instagram.com/p/CeivPmtpnsr,69,2,18303491290012721,yapuae,YAP YAPUAE DigitalBanking Security Fintech,2022-06-15 13:29:15
199,2856052894252563243,yapuae,"Money moves easy, (and quickly!), with YAPâ€™s international transfers. Itâ€™s a flex. #MakingMoneyMoves",2022-06-08 11:35:04,https://www.instagram.com/p/CeivPmtpnsr,69,2,18245675263097177,sahil.anwer.98,,2022-06-21 09:14:52
200,2855363012546998160,yapuae,"Donâ€™t let late payments take a toll on your journey ğŸ¥µ Recharge your tollway account in an instant with YAP.

Download the app today ğŸ“²",2022-06-07 12:44:20,https://www.instagram.com/p/CegSYgTpy-Q,52,4,18030335995367737,yapuae,YAP YapUAE DigitalBanking Fintech Security,2022-06-07 12:44:45
201,2855363012546998160,yapuae,"Donâ€™t let late payments take a toll on your journey ğŸ¥µ Recharge your tollway account in an instant with YAP.

Download the app today ğŸ“²",2022-06-07 12:44:20,https://www.instagram.com/p/CegSYgTpy-Q,52,4,18208929181195753,malik.tayyab.official,,2022-06-13 04:21:42
202,2855363012546998160,yapuae,"Donâ€™t let late payments take a toll on your journey ğŸ¥µ Recharge your tollway account in an instant with YAP.

Download the app today ğŸ“²",2022-06-07 12:44:20,https://www.instagram.com/p/CegSYgTpy-Q,52,4,17943549137120713,_hanaasolimaan,seifhossien,2022-07-05 16:31:29
203,2854586202625466753,yapuae,"Keep a watch on your spends. Link your YAP card to your Apple devices and make safer, quicker payments on the go âŒš",2022-06-06 11:00:17,https://www.instagram.com/p/CedhwbsOOGB,41,3,17942024450092602,yapuae,YAP YapUAE DigitalBanking Fintech Security,2022-06-06 11:00:31
204,2854586202625466753,yapuae,"Keep a watch on your spends. Link your YAP card to your Apple devices and make safer, quicker payments on the go âŒš",2022-06-06 11:00:17,https://www.instagram.com/p/CedhwbsOOGB,41,3,17965962118662868,shijin619,What about google pay,2022-06-15 17:51:32
205,2853943029469727216,yapuae,Sometimes virtual is better ğŸ‘¾,2022-06-05 13:43:02,https://www.instagram.com/p/CebPhCAvsnw,103,1,17935009811191628,yapuae,YAP YAPUAE Fintech DigitalBanking Security,2022-06-05 13:43:14
206,2853136628301821604,yapuae,"Sending money to family and friends is faster with YAP 2 YAP. 

Letâ€™s YAP it together! ğŸ¤",2022-06-04 11:00:21,https://www.instagram.com/p/CeYYKWZlfak,40,5,17938181210129151,yapuae,YAP YapUAE DigitalBanking Fintech Security,2022-06-04 11:00:36
207,2853136628301821604,yapuae,"Sending money to family and friends is faster with YAP 2 YAP. 

Letâ€™s YAP it together! ğŸ¤",2022-06-04 11:00:21,https://www.instagram.com/p/CeYYKWZlfak,40,5,17943581093012422,pxhomegoods,yes,2022-06-04 11:33:10
208,2853136628301821604,yapuae,"Sending money to family and friends is faster with YAP 2 YAP. 

Letâ€™s YAP it together! ğŸ¤",2022-06-04 11:00:21,https://www.instagram.com/p/CeYYKWZlfak,40,5,17962747429688903,alam1x,Yay ,2022-06-04 11:48:25
209,2852411862471012187,yapuae,"Around the world in just a few clicks ğŸŒ 

International transfers made easy in under a minute. Just YAP it!",2022-06-03 11:00:22,https://www.instagram.com/p/CeVzXnnse9b,257,9,18208043299153547,yapuae,YAP YapUAE DigitalBanking Fintech Security,2022-06-03 11:00:32
210,2852411862471012187,yapuae,"Around the world in just a few clicks ğŸŒ 

International transfers made easy in under a minute. Just YAP it!",2022-06-03 11:00:22,https://www.instagram.com/p/CeVzXnnse9b,257,9,17925868895219540,tallyali95,,2022-06-03 11:07:07
211,2852411862471012187,yapuae,"Around the world in just a few clicks ğŸŒ 

International transfers made easy in under a minute. Just YAP it!",2022-06-03 11:00:22,https://www.instagram.com/p/CeVzXnnse9b,257,9,17990794519488474,al_barkat_gfx,,2022-06-06 15:47:31
212,2852411862471012187,yapuae,"Around the world in just a few clicks ğŸŒ 

International transfers made easy in under a minute. Just YAP it!",2022-06-03 11:00:22,https://www.instagram.com/p/CeVzXnnse9b,257,9,17937208658169541,malak_ziz,,2022-06-11 17:32:24
213,2852411862471012187,yapuae,"Around the world in just a few clicks ğŸŒ 

International transfers made easy in under a minute. Just YAP it!",2022-06-03 11:00:22,https://www.instagram.com/p/CeVzXnnse9b,257,9,17883484559668912,carpetcontinentcenter,,2022-06-13 04:29:20
214,2852411862471012187,yapuae,"Around the world in just a few clicks ğŸŒ 

International transfers made easy in under a minute. Just YAP it!",2022-06-03 11:00:22,https://www.instagram.com/p/CeVzXnnse9b,257,9,17936791334284577,mdrajabbbb,Hi,2022-06-13 12:19:22
215,2852411862471012187,yapuae,"Around the world in just a few clicks ğŸŒ 

International transfers made easy in under a minute. Just YAP it!",2022-06-03 11:00:22,https://www.instagram.com/p/CeVzXnnse9b,257,9,17913577607422179,mdrajabbbb,Hi,2022-06-13 12:19:32
216,2851769589773177560,yapuae,"Want to keep a tab on your expenses? With YAPâ€™s intuitive dashboard, access your expenses and start spending your money wisely ğŸ’¡",2022-06-02 13:44:17,https://www.instagram.com/p/CeThVUjsRLY,33,1,17943340120908921,yapuae,YAP YapUAE DigitalBanking Fintech Security,2022-06-02 13:44:27
217,2851097209824654103,yapuae,"Use YAP to make payments on the go. 

Choose simplified bankingâ€¦choose YAP.",2022-06-01 15:28:14,https://www.instagram.com/p/CeRIc57tLMX,23,1,17926280933461636,yapuae,YAP YAPUAE DigitalBanking Security Fintech,2022-06-15 13:34:46
218,2850371168813674565,yapuae,"In a few steps, unlock the world of secure, smart, and transparent banking.

Banking made easy at the palm of your hand ğŸ¤³",2022-05-31 15:26:08,https://www.instagram.com/p/CeOjXnjJ3BF,43,3,17946782827973769,yapuae,YAP YapUAE DigitalBanking Fintech Security,2022-05-31 15:29:25
219,2850371168813674565,yapuae,"In a few steps, unlock the world of secure, smart, and transparent banking.

Banking made easy at the palm of your hand ğŸ¤³",2022-05-31 15:26:08,https://www.instagram.com/p/CeOjXnjJ3BF,43,3,17879436914682759,tallyali95,,2022-06-01 16:12:54
220,2849545136040719206,yapuae,"Press pause on overdue bills and go back to â€œYAP & Chillâ€ ğŸ˜‰

With YAP you can find out when your bill is overdue and pay in just a few clicks.
Download the app today ğŸ“²",2022-05-30 12:05:35,https://www.instagram.com/p/CeLnjQlJjNm,103,6,17936091194169720,yapuae,YAP YapUAE DigitalBanking Fintech Security,2022-05-30 12:05:55
221,2849545136040719206,yapuae,"Press pause on overdue bills and go back to â€œYAP & Chillâ€ ğŸ˜‰

With YAP you can find out when your bill is overdue and pay in just a few clicks.
Download the app today ğŸ“²",2022-05-30 12:05:35,https://www.instagram.com/p/CeLnjQlJjNm,103,6,17925456104357509,tallyali95,,2022-05-30 14:09:07
222,2849545136040719206,yapuae,"Press pause on overdue bills and go back to â€œYAP & Chillâ€ ğŸ˜‰

With YAP you can find out when your bill is overdue and pay in just a few clicks.
Download the app today ğŸ“²",2022-05-30 12:05:35,https://www.instagram.com/p/CeLnjQlJjNm,103,6,18180640045202383,muammad_sajid,,2022-05-30 18:05:48
223,2849545136040719206,yapuae,"Press pause on overdue bills and go back to â€œYAP & Chillâ€ ğŸ˜‰

With YAP you can find out when your bill is overdue and pay in just a few clicks.
Download the app today ğŸ“²",2022-05-30 12:05:35,https://www.instagram.com/p/CeLnjQlJjNm,103,6,18239717308110096,muammad_sajid,,2022-06-15 13:35:53
224,2848078225764199496,yapuae,"Faster than the speed of light, you can register for your YAP account in a few clicks under 30 seconds âš¡

Turn the timer on and try it if you donâ€™t believe us â³",2022-05-28 11:30:05,https://www.instagram.com/p/CeGaA57MyxI,40,5,17932134116219734,yapuae,YAP YapUAE DigitalBanking Fintech Security,2022-05-28 11:30:18
225,2848078225764199496,yapuae,"Faster than the speed of light, you can register for your YAP account in a few clicks under 30 seconds âš¡

Turn the timer on and try it if you donâ€™t believe us â³",2022-05-28 11:30:05,https://www.instagram.com/p/CeGaA57MyxI,40,5,17931756524246432,rowshan.777,I m 19y old employee in dubai how can i open an account Because the limit is 21,2022-05-29 14:00:58
226,2848078225764199496,yapuae,"Faster than the speed of light, you can register for your YAP account in a few clicks under 30 seconds âš¡

Turn the timer on and try it if you donâ€™t believe us â³",2022-05-28 11:30:05,https://www.instagram.com/p/CeGaA57MyxI,40,5,17977285072616163,goodgirl0898,Yap delivery debit card once account opened but how much it cost for delivery debit card,2022-08-11 11:33:40
227,2846471638796506331,yapuae,"Say YES to smarter banking with YAP. Did we mention that you will also receive an AED 50 sign-up bonus? ğŸ’°

Offer ends on 30th June, so download YAP today. T&Cs apply.",2022-05-26 06:18:16,https://www.instagram.com/p/CeAst_NsJTb,61,20,17935869083145464,yapuae,YAP YapUAE DigitalBanking Fintech Security,2022-05-26 06:18:33
228,2846471638796506331,yapuae,"Say YES to smarter banking with YAP. Did we mention that you will also receive an AED 50 sign-up bonus? ğŸ’°

Offer ends on 30th June, so download YAP today. T&Cs apply.",2022-05-26 06:18:16,https://www.instagram.com/p/CeAst_NsJTb,61,20,17916880988339327,yuvshrees,YES,2022-05-26 06:32:42
229,2846471638796506331,yapuae,"Say YES to smarter banking with YAP. Did we mention that you will also receive an AED 50 sign-up bonus? ğŸ’°

Offer ends on 30th June, so download YAP today. T&Cs apply.",2022-05-26 06:18:16,https://www.instagram.com/p/CeAst_NsJTb,61,20,17957927050747427,shebikka,YES,2022-05-27 07:28:12
230,2846471638796506331,yapuae,"Say YES to smarter banking with YAP. Did we mention that you will also receive an AED 50 sign-up bonus? ğŸ’°

Offer ends on 30th June, so download YAP today. T&Cs apply.",2022-05-26 06:18:16,https://www.instagram.com/p/CeAst_NsJTb,61,20,18212736493176395,ix_22k,When will i get my 50 aed bonus sign up I signed up since 4 may,2022-05-27 09:27:46
231,2846471638796506331,yapuae,"Say YES to smarter banking with YAP. Did we mention that you will also receive an AED 50 sign-up bonus? ğŸ’°

Offer ends on 30th June, so download YAP today. T&Cs apply.",2022-05-26 06:18:16,https://www.instagram.com/p/CeAst_NsJTb,61,20,17853138239748460,euqirdnor,Yapuae,2022-06-04 12:18:40
232,2846471638796506331,yapuae,"Say YES to smarter banking with YAP. Did we mention that you will also receive an AED 50 sign-up bonus? ğŸ’°

Offer ends on 30th June, so download YAP today. T&Cs apply.",2022-05-26 06:18:16,https://www.instagram.com/p/CeAst_NsJTb,61,20,17944321130039617,alimuhammadnawaz45,Yes,2022-06-11 09:49:59
233,2846471638796506331,yapuae,"Say YES to smarter banking with YAP. Did we mention that you will also receive an AED 50 sign-up bonus? ğŸ’°

Offer ends on 30th June, so download YAP today. T&Cs apply.",2022-05-26 06:18:16,https://www.instagram.com/p/CeAst_NsJTb,61,20,18030556774371441,alimuhammadnawaz45,Yes,2022-06-11 09:55:43
234,2846471638796506331,yapuae,"Say YES to smarter banking with YAP. Did we mention that you will also receive an AED 50 sign-up bonus? ğŸ’°

Offer ends on 30th June, so download YAP today. T&Cs apply.",2022-05-26 06:18:16,https://www.instagram.com/p/CeAst_NsJTb,61,20,18297815521013215,richivijay,YES,2022-06-12 10:26:23
235,2846471638796506331,yapuae,"Say YES to smarter banking with YAP. Did we mention that you will also receive an AED 50 sign-up bonus? ğŸ’°

Offer ends on 30th June, so download YAP today. T&Cs apply.",2022-05-26 06:18:16,https://www.instagram.com/p/CeAst_NsJTb,61,20,18301343146005779,loveumeraj,I didn t receive 50 AED bonus ,2022-06-13 14:41:41
236,2846471638796506331,yapuae,"Say YES to smarter banking with YAP. Did we mention that you will also receive an AED 50 sign-up bonus? ğŸ’°

Offer ends on 30th June, so download YAP today. T&Cs apply.",2022-05-26 06:18:16,https://www.instagram.com/p/CeAst_NsJTb,61,20,17923050602407892,zayed.allenjawi.9,YES,2022-06-13 16:38:37
237,2846471638796506331,yapuae,"Say YES to smarter banking with YAP. Did we mention that you will also receive an AED 50 sign-up bonus? ğŸ’°

Offer ends on 30th June, so download YAP today. T&Cs apply.",2022-05-26 06:18:16,https://www.instagram.com/p/CeAst_NsJTb,61,20,17948571406977914,samraazcr7,Yed,2022-06-17 19:48:58
238,2846471638796506331,yapuae,"Say YES to smarter banking with YAP. Did we mention that you will also receive an AED 50 sign-up bonus? ğŸ’°

Offer ends on 30th June, so download YAP today. T&Cs apply.",2022-05-26 06:18:16,https://www.instagram.com/p/CeAst_NsJTb,61,20,17894648204570065,samraazcr7,When I will get it,2022-06-17 19:49:53
239,2846471638796506331,yapuae,"Say YES to smarter banking with YAP. Did we mention that you will also receive an AED 50 sign-up bonus? ğŸ’°

Offer ends on 30th June, so download YAP today. T&Cs apply.",2022-05-26 06:18:16,https://www.instagram.com/p/CeAst_NsJTb,61,20,17936478860196499,mohsinyusaf10,am also not get bonus,2022-07-06 19:41:22
240,2846471638796506331,yapuae,"Say YES to smarter banking with YAP. Did we mention that you will also receive an AED 50 sign-up bonus? ğŸ’°

Offer ends on 30th June, so download YAP today. T&Cs apply.",2022-05-26 06:18:16,https://www.instagram.com/p/CeAst_NsJTb,61,20,17958032986765026,mr_vibecatcher__46,noo,2022-07-13 20:34:58
241,2845887606743856415,yapuae,"One tap to Yap! ğŸ“±

Link your YAP card to your Apple Wallet to make secure payments in a blink ğŸ‘€",2022-05-25 10:58:16,https://www.instagram.com/p/Cd-n7M-p3Uf,97,1,18166828378227763,yapuae,YAP YapUAE DigitalBanking Fintech Security,2022-05-25 10:58:53
242,2844439294933774314,yapuae,The best mobile banking experience from start to finish. Sign up to YAP today and say hello to a smarter way to manage your money.,2022-05-23 11:00:11,https://www.instagram.com/p/Cd5enffsK_q,94,16,17896248398618467,yapuae,YAP YapUAE DigitalBanking Fintech Security,2022-05-23 11:00:25
243,2844439294933774314,yapuae,The best mobile banking experience from start to finish. Sign up to YAP today and say hello to a smarter way to manage your money.,2022-05-23 11:00:11,https://www.instagram.com/p/Cd5enffsK_q,94,16,17984905564464139,haider.ali.shah1,When will it start its service in Pakistan,2022-05-23 11:22:52
244,2844439294933774314,yapuae,The best mobile banking experience from start to finish. Sign up to YAP today and say hello to a smarter way to manage your money.,2022-05-23 11:00:11,https://www.instagram.com/p/Cd5enffsK_q,94,16,17953226824851968,tallyali95,Arabic language needed in app,2022-05-24 14:22:24
245,2844439294933774314,yapuae,The best mobile banking experience from start to finish. Sign up to YAP today and say hello to a smarter way to manage your money.,2022-05-23 11:00:11,https://www.instagram.com/p/Cd5enffsK_q,94,16,17927191421350824,sami.yaqoob.96,    ,2022-05-24 17:38:14
246,2844439294933774314,yapuae,The best mobile banking experience from start to finish. Sign up to YAP today and say hello to a smarter way to manage your money.,2022-05-23 11:00:11,https://www.instagram.com/p/Cd5enffsK_q,94,16,18160670485219782,ahmaddoto,Easy fast and safe to save money ,2022-05-28 13:08:38
247,2844439294933774314,yapuae,The best mobile banking experience from start to finish. Sign up to YAP today and say hello to a smarter way to manage your money.,2022-05-23 11:00:11,https://www.instagram.com/p/Cd5enffsK_q,94,16,17948233660939891,naveedanjum6216,Very nice i also use this ,2022-05-29 05:20:13
248,2844439294933774314,yapuae,The best mobile banking experience from start to finish. Sign up to YAP today and say hello to a smarter way to manage your money.,2022-05-23 11:00:11,https://www.instagram.com/p/Cd5enffsK_q,94,16,18296041759060850,mnofficial0,I didnt receive my bonus ,2022-05-29 18:13:06
249,2844439294933774314,yapuae,The best mobile banking experience from start to finish. Sign up to YAP today and say hello to a smarter way to manage your money.,2022-05-23 11:00:11,https://www.instagram.com/p/Cd5enffsK_q,94,16,18169678246214141,aliusmancheema,It s been 6 months since I got my card but account is still under process very disappointed,2022-05-29 21:47:15
250,2844439294933774314,yapuae,The best mobile banking experience from start to finish. Sign up to YAP today and say hello to a smarter way to manage your money.,2022-05-23 11:00:11,https://www.instagram.com/p/Cd5enffsK_q,94,16,18219208738123668,davis_walker7,I bank like a pro and shop like a pro YAP is so good guys,2022-05-30 19:23:00
251,2842989778955349603,yapuae,One size fits all? Not when youâ€™re using YAP. Create multiple virtual cards to organize your online shopping and keep your information secure. ğŸ’³,2022-05-21 11:00:23,https://www.instagram.com/p/Cd0VCQisy5j,41,1,17954267290830393,yapuae,YAP YapUAE DigitalBanking Fintech Security,2022-05-21 11:00:37
252,2841550202705338923,yapuae,"Friends that YAP together, stay together ğŸ¤ Letâ€™s YAP it!

Get AED 25 for everyone you refer.
Thatâ€™s not all, your friends will also get AED 50 as a sign-up bonus. 
T&Cs apply.",2022-05-19 11:20:05,https://www.instagram.com/p/CdvNtqrsOIr,38,9,17987654896492568,yapuae,YAP YapUAE DigitalBanking Fintech Security,2022-05-19 11:20:18
253,2841550202705338923,yapuae,"Friends that YAP together, stay together ğŸ¤ Letâ€™s YAP it!

Get AED 25 for everyone you refer.
Thatâ€™s not all, your friends will also get AED 50 as a sign-up bonus. 
T&Cs apply.",2022-05-19 11:20:05,https://www.instagram.com/p/CdvNtqrsOIr,38,9,18025047865351619,mian_atif_1,its yanniiiiMaybe they will activate my card when am in heaven  because they take sooo much time ,2022-05-19 12:04:07
254,2841550202705338923,yapuae,"Friends that YAP together, stay together ğŸ¤ Letâ€™s YAP it!

Get AED 25 for everyone you refer.
Thatâ€™s not all, your friends will also get AED 50 as a sign-up bonus. 
T&Cs apply.",2022-05-19 11:20:05,https://www.instagram.com/p/CdvNtqrsOIr,38,9,18206882683156165,the_ai0011,I got in touch with your support channels with no support whatsoever I tried logging in to YAP but the app throws me back to my homescreen page Also fun fact problem started as your app was having an issue showing everyone transactions as 0 aed and unable to set pass code Now I m completely logged off it s been 2 days Yap team closed my case twice claiming resolved when it is not no proper followup or business etiquette or sense of urgency My ticket ID 58543 yapuae yap dubai economic council sharjaheconomic centralbank,2022-05-20 08:54:50
255,2841550202705338923,yapuae,"Friends that YAP together, stay together ğŸ¤ Letâ€™s YAP it!

Get AED 25 for everyone you refer.
Thatâ€™s not all, your friends will also get AED 50 as a sign-up bonus. 
T&Cs apply.",2022-05-19 11:20:05,https://www.instagram.com/p/CdvNtqrsOIr,38,9,18227492179139487,the_ai0011,Yap you asked to DM 5 hours ago and nothing has happened is this a company policy of running away from customers issues,2022-05-20 13:45:28
256,2840944129410051958,yapuae,"Unlock a new multiverse of banking with YAP. 

Safer, smarter, faster - sign up to YAP today ğŸ“²",2022-05-18 15:15:53,https://www.instagram.com/p/CdtD6I8N692,37,4,17917691474330579,sufievents_uae,Hello Can I open a zero balance account with no monthly charges Thanks,2022-05-19 06:42:01
257,2840944129410051958,yapuae,"Unlock a new multiverse of banking with YAP. 

Safer, smarter, faster - sign up to YAP today ğŸ“²",2022-05-18 15:15:53,https://www.instagram.com/p/CdtD6I8N692,37,4,18208398850158023,mian_atif_1,i received my yap card 6 months still not active my account,2022-05-19 10:27:38
258,2837256688324749190,yapuae,"We would like to express our deepest condolences following the passing of President His Highness Sheikh Khalifa bin Zayed Al Nahyan, may his soul rest in peace. Our prayers are with the people and leaders of the UAE.",2022-05-13 13:09:37,https://www.instagram.com/p/Cdf9ez0MqeG,37,5,17988072664485592,soul_of_janna7,BIG TIME SCAM THEIR SUPPORT CENTER ARE FRAUD U WONT GE 50Aed U MUST SPEND 500aed 1ST TO GET THE 50Aed MISLEADER FAKE INFO TO GET CUSTOMER FRUAD,2022-05-14 08:31:31
259,2837256688324749190,yapuae,"We would like to express our deepest condolences following the passing of President His Highness Sheikh Khalifa bin Zayed Al Nahyan, may his soul rest in peace. Our prayers are with the people and leaders of the UAE.",2022-05-13 13:09:37,https://www.instagram.com/p/Cdf9ez0MqeG,37,5,17911545569417964,mian_atif_1,i received my yap card 6 months still not active my account so many times calls help line but no one help me,2022-05-19 10:37:29
260,2837256688324749190,yapuae,"We would like to express our deepest condolences following the passing of President His Highness Sheikh Khalifa bin Zayed Al Nahyan, may his soul rest in peace. Our prayers are with the people and leaders of the UAE.",2022-05-13 13:09:37,https://www.instagram.com/p/Cdf9ez0MqeG,37,5,18043069924337722,tallyali95,RIP ,2022-05-25 23:37:02
261,2837256688324749190,yapuae,"We would like to express our deepest condolences following the passing of President His Highness Sheikh Khalifa bin Zayed Al Nahyan, may his soul rest in peace. Our prayers are with the people and leaders of the UAE.",2022-05-13 13:09:37,https://www.instagram.com/p/Cdf9ez0MqeG,37,5,17988072664485592,soul_of_janna7,BIG TIME SCAM THEIR SUPPORT CENTER ARE FRAUD U WONT GE 50Aed U MUST SPEND 500aed 1ST TO GET THE 50Aed MISLEADER FAKE INFO TO GET CUSTOMER FRUAD,2022-05-14 08:31:31
262,2837256688324749190,yapuae,"We would like to express our deepest condolences following the passing of President His Highness Sheikh Khalifa bin Zayed Al Nahyan, may his soul rest in peace. Our prayers are with the people and leaders of the UAE.",2022-05-13 13:09:37,https://www.instagram.com/p/Cdf9ez0MqeG,37,5,17911545569417964,mian_atif_1,i received my yap card 6 months still not active my account so many times calls help line but no one help me,2022-05-19 10:37:29
263,2837256688324749190,yapuae,"We would like to express our deepest condolences following the passing of President His Highness Sheikh Khalifa bin Zayed Al Nahyan, may his soul rest in peace. Our prayers are with the people and leaders of the UAE.",2022-05-13 13:09:37,https://www.instagram.com/p/Cdf9ez0MqeG,37,5,18043069924337722,tallyali95,RIP ,2022-05-25 23:37:02
264,2835133417611619525,yapuae,International transfer? No problem. YAP money to your loved ones anywhere in the world and theyâ€™ll receive it instantly. It's just a tap away!,2022-05-10 14:54:24,https://www.instagram.com/p/CdYatJ3lGzF,33,2,17918762444308500,nial__sumaiya,very Nice App ooops its Yap i Love it good app for international and Local transfer low transfer charge and Good Rate for India,2022-05-10 15:01:10
265,2828616881771258059,yapuae,"May the magic of thisÂ Eid, make your blessedÂ lifeÂ even more beautiful.Â Wishing you and your family EidÂ Mubarak! ğŸ’–

#YAPUAE #eidmubarak #eid2022 #eidalfitr #family #friends #fintech #digitalbank",2022-05-01 15:05:17,https://www.instagram.com/p/CdBRBE7piDL,49,4,17872803860642326,muammad_sajid,,2022-05-01 15:38:31
266,2828616881771258059,yapuae,"May the magic of thisÂ Eid, make your blessedÂ lifeÂ even more beautiful.Â Wishing you and your family EidÂ Mubarak! ğŸ’–

#YAPUAE #eidmubarak #eid2022 #eidalfitr #family #friends #fintech #digitalbank",2022-05-01 15:05:17,https://www.instagram.com/p/CdBRBE7piDL,49,4,17933640149023483,hchaudhryadeel,,2022-05-01 16:34:36
267,2828616881771258059,yapuae,"May the magic of thisÂ Eid, make your blessedÂ lifeÂ even more beautiful.Â Wishing you and your family EidÂ Mubarak! ğŸ’–

#YAPUAE #eidmubarak #eid2022 #eidalfitr #family #friends #fintech #digitalbank",2022-05-01 15:05:17,https://www.instagram.com/p/CdBRBE7piDL,49,4,17962408750641103,hchaudhryadeel,,2022-05-01 16:34:39
268,2828616881771258059,yapuae,"May the magic of thisÂ Eid, make your blessedÂ lifeÂ even more beautiful.Â Wishing you and your family EidÂ Mubarak! ğŸ’–

#YAPUAE #eidmubarak #eid2022 #eidalfitr #family #friends #fintech #digitalbank",2022-05-01 15:05:17,https://www.instagram.com/p/CdBRBE7piDL,49,4,17891111888619757,vvaa104,Happy Eid yapuae,2022-05-03 22:17:25
269,2824183705925480858,yapuae,"You can send money instantly to your friends and family. 
Tag a loved one and YAP a little something to them ğŸ’œ
#YAPUAE #YAPIT #sendmoney #famiy #friends #digitalbanking #fintech",2022-04-25 12:17:37,https://www.instagram.com/p/CcxhB4MInGa,41,6,17969968630574095,soxialagency.ae,Wow,2022-04-28 23:17:58
270,2824183705925480858,yapuae,"You can send money instantly to your friends and family. 
Tag a loved one and YAP a little something to them ğŸ’œ
#YAPUAE #YAPIT #sendmoney #famiy #friends #digitalbanking #fintech",2022-04-25 12:17:37,https://www.instagram.com/p/CcxhB4MInGa,41,6,17995434088447332,rananaveed.07,yapuae Check your inbox ,2022-04-29 13:12:50
271,2824183705925480858,yapuae,"You can send money instantly to your friends and family. 
Tag a loved one and YAP a little something to them ğŸ’œ
#YAPUAE #YAPIT #sendmoney #famiy #friends #digitalbanking #fintech",2022-04-25 12:17:37,https://www.instagram.com/p/CcxhB4MInGa,41,6,17927767922110717,iimonerah,Is it real I received my card 2 days ago and yet you guys didnt verify my ID  YAP YOUR SERVICES FIRST,2022-04-30 22:33:40
272,2824183705925480858,yapuae,"You can send money instantly to your friends and family. 
Tag a loved one and YAP a little something to them ğŸ’œ
#YAPUAE #YAPIT #sendmoney #famiy #friends #digitalbanking #fintech",2022-04-25 12:17:37,https://www.instagram.com/p/CcxhB4MInGa,41,6,18240773944096440,myomyinthtun_,Is yap scam I didnt receive the deposit in Yap for 3 days They said its technical issue when I contacted customer service,2022-05-08 06:43:17
273,2816247051018491431,yapuae,"Have you thought about putting a little bit of money away each month and creating an emergency fund? By doing this it will give you that little extra help, so you'll always feel ready.
#YAPUAE #finance #emergencyfund #digitalbanking #fintech #financialtips #savingmoney #savingmoneytips",2022-04-14 13:27:11,https://www.instagram.com/p/CcVUcWTstYn,34,3,17941052575875703,maisam722,Yes,2022-04-14 15:17:01
274,2816247051018491431,yapuae,"Have you thought about putting a little bit of money away each month and creating an emergency fund? By doing this it will give you that little extra help, so you'll always feel ready.
#YAPUAE #finance #emergencyfund #digitalbanking #fintech #financialtips #savingmoney #savingmoneytips",2022-04-14 13:27:11,https://www.instagram.com/p/CcVUcWTstYn,34,3,18007932037406088,thealliewilliamson,Yes Emergency funds are critical to long term financial stability,2022-04-14 17:10:16
275,2810442878385471420,yapuae,"This Ramadan it's time to be smarter with your finances. Saving up for new clothes, video games or even a dream holiday during your Eid break is easier when you have a set goal in mind. Start putting a little away each week and see your savings grow.
#YAPUAE #finances #digitalbanking #fintech #goals",2022-04-06 13:15:20,https://www.instagram.com/p/CcAsuhTsT-8,26,2,17955820462690461,rananaveed.07,Send details,2022-04-08 10:25:30
276,2808957953262049818,yapuae,"YAP ITğŸ‘ğŸ» YAP IT ğŸ‘ğŸ»YAP IT ğŸ‘ğŸ»
#YAPUAE #mondaymeme #ipl #csk #celebration #fintech #digitalbanking",2022-04-04 12:05:03,https://www.instagram.com/p/Cb7bGBBMVoa,34,2,17935875443045183,saucesites,Love it,2022-04-04 12:11:10
277,2806916325397929122,yapuae,"As the crescent moon is spotted, YAP UAE would like to wish you Ramadan Kareem. May this month be extremely fruitful for you and your loved ones! 
#YAPUAE #ramadankareemğŸŒ™ #ramadan #uae",2022-04-01 16:29:16,https://www.instagram.com/p/Cb0K4a5lpyi,40,2,18117324949285498,nial__sumaiya,ramadan kareem,2022-04-02 00:36:03
278,2806585072876023243,yapuae,"That's why we donâ€™t want to joke with you this April 1stÂ because we understand how important it is to have someone trustworthy to look after your money. However, weâ€™d love to hear your best April foolâ€™s joke, so comment below! 
#YAPUAE #aprilfools #fintench #digitalbanking",2022-04-01 05:30:34,https://www.instagram.com/p/Cby_kD8sG3L,30,2,17918590778499384,drahalmulla,,2022-04-01 06:05:10
279,2806206352170698513,yapuae,"Thank you @expo2020dubai ğŸ‡¦ğŸ‡ª 6 months have just flown by and has left us with memories to last a lifetime. Comment below what was your favorite pavilion? Ours was UAE of course ğŸ˜‰ 
#YAPUAE #expo #expo2020 #dubai",2022-03-31 17:10:31,https://www.instagram.com/p/Cbxpc8zlEcR,72,4,17901751598485187,hebabahadin_,Nice video,2022-03-31 17:27:58
280,2806206352170698513,yapuae,"Thank you @expo2020dubai ğŸ‡¦ğŸ‡ª 6 months have just flown by and has left us with memories to last a lifetime. Comment below what was your favorite pavilion? Ours was UAE of course ğŸ˜‰ 
#YAPUAE #expo #expo2020 #dubai",2022-03-31 17:10:31,https://www.instagram.com/p/Cbxpc8zlEcR,72,4,17898185105501130,asimpropertyconsultant,Pakistan pavilion ,2022-04-01 02:49:23
281,2803906974011564781,yapuae,"Hi thereğŸ˜‰ We agree with Barney Stinson that â€œnew is always betterâ€ 
#YAPUAE #HIMYM #himymquotes #fintech #digitalbanking  #mondaymeme",2022-03-28 12:49:40,https://www.instagram.com/p/CbpeomBMyLt,42,1,17924937860234598,asad_wm, Barney,2022-05-24 16:20:00
282,2800192136672348080,yapuae,"â–¶ï¸ Play March 23rd
#YAPUAE #wordle #wordoftheday #YAPIT",2022-03-23 09:48:56,https://www.instagram.com/p/CbcR-mJMoew,23,1,17904799535522481,yousratotah,YACHT YAWNS YARDS ,2022-03-23 10:41:49
